Rev,HA,DW
0.19359411116788502,0.9128086475721958,0.947106671854766
0.9325236710713147,0.46611273024284405,0.5156205413181691
0.37893072867691036,0.8326219010885817,0.9100993695175581
0.13168861055637657,0.9408989620435309,0.9680093539071148
0.8093594386328721,0.6433303573818375,0.7787893741272054
0.9570130053133928,0.3717249292015898,0.3917746872881075
0.09478879447993417,0.9608182551889922,0.976600846621925
0.3063685989499087,0.8563461399250105,0.918659617816362
0.7057919414848682,0.6593888479306325,0.840984860240845
0.8199156099050177,0.6397705088752467,0.7681252466066665
0.5251111733263621,0.7583160325995036,0.8901534214131336
0.11438889312254709,0.9514643904129768,0.9727200096884137
0.4604061356109918,0.7979606537506251,0.9001545892140544
0.2678001684169028,0.8665023160910077,0.921792635291237
0.7741171189064894,0.6549182084165974,0.8116001383120568
0.11658054841360144,0.9497962854235935,0.9716958133924132
0.726045380907808,0.6590136724104961,0.8311123598988479
0.45232677637447505,0.8016530133400686,0.9008334295602858
0.4604072067760395,0.7972931641009935,0.8997821169835496
0.4883210377059451,0.7800981060225927,0.8951237740206245
0.8848101335265438,0.5856669703617019,0.6682650756867224
0.7668697588127947,0.6527093500761698,0.8121667434663382
0.47747130513172087,0.7877227788684483,0.896891938154551
0.2612085542720905,0.8672891946291686,0.9223189167840014
0.4634184515479268,0.7961671061265999,0.8999166825903724
0.9014171493192006,0.5451095751620587,0.6255176145281621
0.9112635926735319,0.534773378284695,0.5948494203249198
0.35124347505449566,0.8422645989256076,0.9134823185814748
0.7486595946504725,0.6553063496054389,0.8224321107365592
0.9967568020029736,0.06621628655297164,0.1325177602647515
0.25188744570678545,0.8724548145722251,0.924853983323138
0.21791710850827423,0.8928877291664546,0.939236131586104
0.4882557492374883,0.7816524666140058,0.8970475367540994
0.8167272680595182,0.6368531630947455,0.7728843715429674
0.8596752810635245,0.6027438549709235,0.7174637644466096
0.2923462783966877,0.8588276548999377,0.9199758080948699
0.8093711968746989,0.6412768113859415,0.778552336478932
0.07139500517179333,0.9747536391311716,0.9896694160902432
0.5473628291594523,0.743780576603134,0.8884137714102807
0.8721148485113733,0.5977444224943147,0.6944006498835257
0.7874429235131707,0.6503744523920698,0.7981998087112204
0.4823421858065056,0.7851958383625788,0.8958839942272006
0.39773697538538416,0.8248065273986478,0.906913814802179
0.3164879218763383,0.8532270063031417,0.9162582600950089
0.9354853461955447,0.4450015419145494,0.4969850375137023
0.7784532969577377,0.6553411672907188,0.8062065111180367
0.646898501581269,0.6747352299927615,0.8630366466880609
0.9020430815171023,0.5448510544373495,0.6243350314153285
0.06666147761081824,0.9810185371383996,0.9952335634522133
0.9846228377061879,0.1886639056919877,0.1790675199526691
0.9538256557785114,0.37246471025115235,0.408885459427821
0.8199554471229566,0.6337404152461952,0.767504186565897
0.13459418731598097,0.9394052333302664,0.966966808703537
0.9047022477517962,0.5423171874527142,0.6164361687715272
0.11439080690780568,0.9514015486775435,0.9728962611253812
0.33529149642857675,0.8470840417961542,0.9149731231139457
0.7572906215779519,0.6573173969631366,0.8188434744848665
0.9112871878750821,0.52020244893593,0.5892152267819564
0.9375233293388161,0.4386536384946434,0.48864447319008614
0.6191495215635248,0.693728353338731,0.8719679303443143
0.7057985967318899,0.6584247053023161,0.8395435481009615
0.8199527995062982,0.633996521994657,0.7672457918839434
0.07985490064513726,0.9651437902460688,0.9788277976084526
0.6048931943065283,0.7009889937562331,0.8743934002027317
0.8775538674394974,0.5914617717268683,0.6842391045114903
0.8504400734597338,0.6124751716592526,0.7339880134323753
0.38346866804805724,0.8300259682767022,0.9085196641742215
0.48233888475118813,0.7853194305679313,0.8961277066623259
0.201073502022085,0.9078522209555338,0.9452700515020664
0.9838342477380682,0.1934770528467015,0.18613953917813109
0.14758665564685852,0.9322625888649533,0.9594584532986927
0.40914676811675843,0.8197930992621769,0.9060741819233926
0.8028766725690912,0.645698466615867,0.7855497314830644
0.7833002719996152,0.6528739438167578,0.8037596028439281
0.4774726566410094,0.7876327116456129,0.8964932945332619
0.9723255074517714,0.2711947092899798,0.2808416572371766
0.3734113014595245,0.8350991453766446,0.9112129117417435
0.8348918001090803,0.6249197354228238,0.7510289248865311
0.5958973079512129,0.7092882230624188,0.8782160311818045
0.3178019805895718,0.8524106497297447,0.9164436254159053
0.23771297897010077,0.8806017604896853,0.9339278696944955
0.8079831405988206,0.6421259105744923,0.7802332547400916
0.886720046260182,0.576784222183868,0.6637005923063056
0.7354613283056446,0.658631115057695,0.8280981979458467
0.6843691425490855,0.6627311780903283,0.8480118237752942
0.13459488331257582,0.9393859002049442,0.9660019056791692
0.45232800337336143,0.8016060993914845,0.9006305554321182
0.11657988926888764,0.9499656448093798,0.9720746414280749
0.24699551251826465,0.8721095039261085,0.9257939497105442
0.054216821899891535,0.9881245687266534,0.9996296389755311
0.9217020846349275,0.4907950853615948,0.5543518212780422
0.0713935714768923,0.9756899028772873,0.9901951189894265
0.9942063952055553,0.11690025169373737,0.08850017289997064
0.8791736726407733,0.5886818612595184,0.6816481955273851
0.0689399307955575,0.97865856634111,0.9924716257953178
0.5601296310628342,0.7352134738149817,0.8852151980829311
0.8422012660742973,0.6197507097445927,0.7418050736546051
0.37341574736224714,0.8350063957406272,0.9104484457738999
0.28580526318410515,0.860463171364657,0.9192193518580092
0.918107646196809,0.49885320117020593,0.5634992070527962
0.6300440225694337,0.6842396762258175,0.8673422741475101
0.05550775141410658,0.9881442514823137,0.9995066474049864
0.8526083684706458,0.6090183775256024,0.7291716948444495
0.14079924065963853,0.9359156296590562,0.9637076133053918
0.42966971373714385,0.8104554639498228,0.9030860361033697
0.44969690214265867,0.8023450590228072,0.9007726766346306
0.42960811591409326,0.8150744808233769,0.9038696504109254
0.29573333443178884,0.8580632426300144,0.9188701666947053
0.15500716378847187,0.9273108123325196,0.9542559058550297
0.41133142124029576,0.8179593187924795,0.9050370258533248
0.1345905288785835,0.9401123239024334,0.9673104220330415
0.33380196458904476,0.8471921479113733,0.914924119763886
0.18663423748664146,0.9167689185003671,0.9476409598879185
0.26780341467891833,0.8655906475373876,0.9214635694481029
0.8504287137052282,0.6212692713126554,0.7348315971810966
0.9829006629185195,0.2210178229956597,0.19465042335569382
0.3872546067072785,0.8290211870864267,0.9084242402160756
0.15696848446938538,0.9259779926497005,0.9514738709442503
0.1490172665560099,0.9300780155277115,0.9575265080075231
0.8672934724063913,0.5983965834858882,0.6999369635103748
0.7486345946777023,0.6563779862222929,0.8226106346074874
0.6708017874059119,0.6623399646632925,0.8542541657647387
0.9909981224801359,0.13567835261678585,0.11712216268747196
0.9293784558752105,0.46826365014261073,0.529329710359189
0.1345965045355869,0.9391942538792559,0.966036149683588
0.96718566186581,0.3203795926284255,0.3249920413468774
0.13609373338910946,0.9385583305899179,0.9659828157113405
0.5600822912886657,0.7367826112621808,0.8856324915059944
0.4296299898205625,0.8127351948365082,0.9042479470998792
0.8629255780678761,0.6013070201114921,0.7107741736563096
0.6736976925516082,0.661147068490954,0.8524463301992042
0.06894313522511393,0.9779325487378517,0.9921154131784081
0.5114784331150016,0.7674493571397724,0.8922255092699947
0.370186275772548,0.8355007672976869,0.9103957815731896
0.12367001160278848,0.9471323880364618,0.970996411574567
0.9046763698556667,0.5369867843881763,0.6167171318496023
0.8866811862057501,0.57721688607814,0.663957626745863
0.705786437943743,0.6597410779871589,0.8409194174767202
0.9599266246485111,0.3456459904164746,0.3704712266940026
0.5493261396643406,0.7426573697951956,0.8880536601580404
0.9268475898787539,0.4761957103286879,0.5405859255208
0.8422656660744987,0.617657855097721,0.7399893627779693
0.07401069311577918,0.9718281743060305,0.9866485499446437
0.10456514127225099,0.9566101284945587,0.9748973393565922
0.4557182580052632,0.8002842154701711,0.9006361015607074
0.47161346079858973,0.7911340652841907,0.8983508285794011
0.5369739245927501,0.7517123636956015,0.888351049789014
0.7833468966520901,0.6505485168510918,0.8022015211587669
0.8079880030783914,0.639089439588134,0.7796959571956282
0.06249885661309844,0.9828507556490708,0.9965869856426922
0.8639391085076394,0.5996886606839252,0.7103963935736052
0.8269670500592211,0.6340859269035146,0.7609858610607636
0.7057972406365813,0.6587913518302932,0.840448626057702
0.8699444803176077,0.5970344505646238,0.6951796994769784
0.802838435668927,0.6504851819893146,0.7880375112849178
0.35124104542563034,0.8425860745196533,0.9131419036568158
0.9130607586390479,0.529235498993858,0.586687173188227
0.5649553966590838,0.731922539236646,0.8840132280114437
0.8775435913382243,0.5923726362329303,0.6841188567985627
0.8251780977751286,0.630205776664373,0.7641512079294834
0.05263956929430215,0.9885318513060904,0.9988636163459443
0.522522782832364,0.7618429527555567,0.892057982893682
0.9854215121676658,0.17532741082543724,0.1649089443180883
0.05545708740459842,0.9880736007474045,0.9995451013099995
0.970660857070243,0.29608189667381046,0.2992606576667287
0.9945514374013706,0.09819588618334216,0.07914150049282168
0.9646065103025488,0.33555028736499565,0.3439511461730539
0.8348976289012221,0.6234798979290541,0.7504059027593079
0.7260294249856905,0.6617814911072117,0.834327681823082
0.7971351182020389,0.6458919519693878,0.7889367313645839
0.5852630782814019,0.7155922893074207,0.8804634035359677
0.9528853122803415,0.37791785243737197,0.41359766526035996
0.9629726388957683,0.3278099385095144,0.34830466775695573
0.5694947357051631,0.7286193039182403,0.8845067396916734
0.9884897492164139,0.16016289016333377,0.149424540763604
0.9085354855034269,0.5285873024417032,0.6003018251621898
0.6577512911561185,0.6693962445678637,0.8598537619162835
0.6249710956537491,0.6871139780938914,0.870213545521434
0.7540561447137869,0.6567153573806952,0.8200345734314419
0.6468589407162806,0.6787599349373664,0.8641938162529886
0.9502300715256848,0.38793383259215414,0.42802394725633697
0.8199420846357041,0.6348351143771085,0.7672709105856429
0.11024669860437017,0.9536067484448839,0.9738195947137577
0.8873497092437432,0.5761421602508963,0.6640833963406388
0.654526232254487,0.6760422777350519,0.8625132683079759
0.8199326049982337,0.6345368313533584,0.7676826393530096
0.575843121305285,0.7233798819521322,0.8829700173921585
0.0798520742107393,0.9653475288759721,0.9781795748899526
0.20305027981232307,0.9043780723725997,0.9443023636049989
0.9027626713602523,0.5430366437978137,0.6221863618090349
0.676170228735191,0.6612402230959163,0.8511640932561608
0.9325645479330105,0.45355711790641984,0.5123167851710007
0.3218055669860288,0.8511696994656105,0.9157474264408073
0.15346413935810269,0.9278596438426535,0.9555541634092574
0.4603049472489101,0.7977536345731603,0.9002583302699928
0.884838043475403,0.578161665990941,0.6674208813974244
0.9763037169621518,0.2470170949107049,0.24659950570462724
0.20640102090138496,0.9019803161901597,0.9434193390501995
0.7463740784737258,0.6588481420300428,0.8241363608040175
0.6468754111369215,0.6769906913702203,0.8653015182903305
0.6005630189592128,0.7051028960884906,0.8763266872403526
0.06895349125457081,0.9778006625343056,0.9920041887036042
0.9161305506810932,0.5054654496396329,0.5717794726812034
0.25404936313226634,0.8697909512879674,0.9241943948369917
0.46342345030696885,0.7955486298052309,0.89892531528942
0.08312768920607488,0.9643461356444494,0.9780019951243565
0.20107053524519017,0.9084412832603581,0.9450640990909384
0.8858883518316598,0.5779335628316581,0.6651160059616513
0.4716020840155889,0.7925867981070575,0.8986562389788189
0.7874063396419468,0.6512195389331424,0.7985539874136742
0.12367755620784807,0.9464607442546226,0.9710723141580654
0.8348390217611465,0.6246119273114912,0.7519112943352363
0.9240567347336387,0.4855519786734176,0.5485461630262327
0.12890668773069175,0.9432877430350283,0.9684553845210093
0.5933761195743963,0.7114401738532985,0.8779596308767262
0.9312944733356616,0.4587562623314923,0.5174033224418587
0.06894669494825123,0.9780644588043257,0.9918060484290375
0.9240640709487422,0.4871631250810845,0.548254571925046
0.4476005685936797,0.8041320379398335,0.9014639498716585
0.27954482596575897,0.862538987698111,0.9203116111735317
0.23771056968356333,0.8809141086405666,0.9341780514078609
0.6708036674136036,0.6608772560197205,0.852789668696471
0.9028277376280469,0.5427343459593531,0.6235750168537494
0.5917749156076119,0.7159904657266607,0.8789125276362595
0.8948826292195805,0.5789677397598824,0.6533642813901099
0.06894012231611338,0.9792203592913343,0.9923491195783378
0.9624848783910019,0.33075140351147825,0.3552987941070084
0.7920239825901809,0.6490074819879391,0.7928643021234467
0.5115277123218869,0.7653401040483828,0.8916440191124463
0.8555283725071371,0.6121746365674586,0.7258658089791971
0.8756340636034486,0.5927921620201365,0.6863330168599091
0.29573495419342943,0.8578032511167483,0.9184930055737806
0.6545879791066884,0.6708592402266735,0.8607819010871409
0.8756425846656307,0.592311910335345,0.6869786265905587
0.9689580153241861,0.29333692849537735,0.30544725502511816
0.2630533617269705,0.8673834913206011,0.922262082268887
0.6125553239033479,0.6961264207832101,0.8731079766076238
0.6125689464416885,0.6963628820048454,0.8728233159765109
0.8834747344193792,0.5811026293234589,0.6703199422671653
0.865625557762989,0.6000450501495336,0.7053889535311613
0.267798006450866,0.8662476829767143,0.921818016114745
0.6761481401669031,0.6625689524982079,0.8517587992159312
0.9748057309543114,0.2532405296694636,0.2601689318564939
0.47160378224230476,0.7916451630323302,0.8989008976984595
0.17410806635004877,0.9206377858345062,0.9488854443340384
0.9161046379180229,0.50716943683659,0.5744923562259348
0.9420512242903276,0.42733154113754185,0.4741760089629491
0.24561103526301872,0.8764345582180748,0.9294276730364542
0.16983372753034118,0.9215803869514937,0.9492199386143405
0.0550864164497398,0.988021873709283,0.9995764188723639
0.5852341425342017,0.7151893073403317,0.8813516718574854
0.9424191460250776,0.4221149478506607,0.470457624357075
0.2377078197553339,0.8814590469374001,0.9343741095337965
0.05427362652426018,0.9880776244919315,0.9996277293940828
0.46702754475599245,0.7937621338045046,0.8998521211677055
0.9929675674275318,0.12113804177388081,0.21738684162524935
0.2456216076540199,0.8727478066409667,0.9267423805239696
0.5566131776449101,0.7402765681538424,0.8882655203754329
0.9342165814688334,0.4483901242782435,0.5043898200165554
0.5852175321690944,0.7173048852337437,0.881294308016972
0.8028530325776239,0.6441509295191502,0.786632114583055
0.11438774006404423,0.9515690331610076,0.9730078252641519
0.8699425892645891,0.597276728400275,0.6968343125126745
0.09055757660993224,0.9622267117314722,0.9765992044144676
0.338846221317974,0.8460042302441844,0.914340676475375
0.47164706038019005,0.7912479792816614,0.8979397780805866
0.7784379034701041,0.654502177029397,0.8066236049427369
0.9906242959781669,0.13005488529319162,0.11928064876997407
0.8639264422888927,0.6034162357574818,0.7096087234489021
0.15120881691937457,0.9298925165663406,0.9569406472225988
0.7572647245787082,0.6606103683327954,0.8199685002852333
0.5474214408936474,0.7443748117055865,0.8871060632003608
0.6249204862477856,0.6891448666004738,0.8720064264229912
0.09943821305830952,0.9587462322027809,0.9756506909970935
0.9884447311159728,0.1772202059062129,0.14430376183149338
0.5521825301251756,0.7414130472734116,0.8867393239648887
0.49579402048957194,0.7756459783698018,0.8951784643257894
0.4822752801688077,0.7841687345413012,0.8977322166417947
0.7609939116458124,0.6562426571657831,0.8170350508646705
0.8755899868681359,0.6011723213718206,0.6881624934489794
0.2968752284416393,0.8576232872778747,0.9187051151394359
0.11657981337480425,0.9500782650244461,0.9720997034478244
0.4523354954766834,0.8016626390065985,0.9004829884570504
0.7572974399934349,0.6569749021408894,0.8185216398079229
0.5934285154105777,0.7096544794954414,0.8786604841291163
0.8525974054111762,0.6096983892486226,0.7290799036667718
0.21345388607714424,0.8968939216249754,0.9416212524823628
0.9131409907006551,0.5166770831734704,0.5826048807390045
0.37018115127603807,0.8361382970178634,0.9106262007517201
0.8199302709786515,0.6363624227074512,0.7681667204337007
0.6737140359892024,0.6601757725366126,0.8521476574570047
0.5251024882128833,0.7586740116698142,0.890267281224284
0.7889305879546831,0.6487565588723121,0.7951618025915237
0.930231524959461,0.47485038789634104,0.5270349353022633
0.5758242569766334,0.7245790381239893,0.8828292391397108
0.7573076766810886,0.6556500718318435,0.8181873953630736
0.10639264295553061,0.9556081277719168,0.9757455339546567
0.8639544455022433,0.5993431408159613,0.7089874322034276
0.9027746067461294,0.5427479034189933,0.6212546507441129
0.6468838482397099,0.6774060407280551,0.863724044155577
0.990152319908356,0.14239103254749938,0.12624368877378414
0.8348584659814752,0.6251079530768597,0.7512805369582346
0.12890042543560393,0.9440045009840179,0.969701631304878
0.8948567880272256,0.5685646597563835,0.6738281032387132
0.05497850957242928,0.9882206613813083,0.9995999832993341
0.5852497324454446,0.7158418843191429,0.8803780089007605
0.15817018925709275,0.9250097071599017,0.9505959067502366
0.140798640174553,0.9352291965200009,0.96506817712995
0.16983702258107986,0.9209558850291895,0.9489868118509637
0.9362664159483399,0.4502022013513202,0.49637627243425353
0.12890821800738622,0.943021888642727,0.9684235051453837
0.993748820824759,0.124336706120581,0.10529783843779132
0.978919492026628,0.22606068284790973,0.22802651925409573
0.2376939769891232,0.8819658413778826,0.9343338423928629
0.9341537142769817,0.4491245464271109,0.5050131853067918
0.7443124423133509,0.6610469938350061,0.8276550210660709
0.429620113247971,0.8135844057755698,0.904056365227846
0.4823443403326258,0.7849404404422886,0.8958948661264301
0.822167373417827,0.633896205216842,0.7657809096541622
0.5649463477123216,0.7326293075258165,0.8855943085194579
0.11024689616710902,0.9535620576968324,0.9741832077230265
0.9375634304660682,0.4371078179082733,0.4877032802359772
0.7057861447775073,0.6595468113827191,0.8414917120521762
0.06894170210874417,0.9781738729428346,0.9914002670971038
0.31648523190654,0.85303715766969,0.9166674313157389
0.9806988702088871,0.21943484727631146,0.2153144565811536
0.5566244922895734,0.7392058610095,0.8863849066671203
0.05510549133494982,0.9881928422196473,0.9995710388625348
0.7284607726022998,0.6591889620326133,0.8307064448001862
0.8504422317445716,0.6120321077836272,0.7332795166063674
0.2765063825090564,0.8631592694733872,0.9215521041918436
0.9423968526566251,0.42247543325725906,0.4703702344836167
0.46336131877409725,0.7951671898976255,0.9000630886883623
0.5184535192208587,0.7624853170469417,0.8915161762021797
0.564946234998756,0.7337754409148209,0.8859675301631512
0.38346775985650333,0.8305081004266269,0.9086764388029301
0.4296553358483427,0.8123972259282927,0.9047089952297217
0.48830800344220276,0.7811810479492789,0.8956600064137624
0.10280076793401426,0.9573410727312996,0.9747464549290775
0.9649378478068105,0.31919215507850585,0.3353426782862133
0.9181207172910276,0.49813669187175946,0.5631864486591371
0.5474195526505573,0.7448588984833742,0.887039642929641
0.9846854636133592,0.18446040705245867,0.1742311394554024
0.5566925693096054,0.7374571230436067,0.8856556228602396
0.909811534376244,0.5235227714041366,0.595557536505651
0.9891380350842732,0.14770367543799146,0.13277372983792246
0.5934248742949934,0.7096485417884861,0.8786871270481466
0.9778253698134282,0.25642516841424146,0.23934589754121313
0.546003484123505,0.7451920294233856,0.8870340576295789
0.9713944916351301,0.2964219061656667,0.29370555106992785
0.4091424635759058,0.8200040591177635,0.9060758729970861
0.429662442819162,0.8110878133295835,0.9040553534398182
0.1801571478147501,0.9184346188862164,0.9476005681703839
0.8136609758180469,0.6394180351937179,0.7751121421247585
0.05264391277032833,0.9882437820484514,0.9995558079585927
0.24700008022444045,0.871383718602295,0.9259730325890387
0.9599707822885677,0.3416387939111746,0.3688668637373188
0.2377157479985504,0.8779809856678626,0.9329509982296305
0.9074259733472595,0.5316046290735612,0.6058237119893767
0.728454699972996,0.6595173964178528,0.8309971086784932
0.5852024832490689,0.7179230477177245,0.8814003213699229
0.5695509406156284,0.7273871053503048,0.8831978195864503
0.13459056877411973,0.9395171091437327,0.967215295206549
0.13459531967231156,0.9392281268193488,0.9661397231255795
0.7511852009944591,0.6585342776503265,0.8217438624674887
0.8595760252045136,0.6049135723863918,0.7176915958431026
0.5012326783023557,0.7743089702277107,0.8954320748694744
0.49582036810356866,0.7762434989805699,0.8945399703919082
0.07401390498120211,0.9715600547415914,0.9863328513882068
0.9392089050202044,0.43347365685593764,0.4825583748068011
0.9217893725830185,0.4900133493786988,0.5553676395862007
0.7610090443649766,0.6549131566047531,0.8169732206407341
0.4734269398490428,0.7894595609333979,0.8971035313667503
0.4883105229031323,0.780653111711544,0.8953947844648562
0.16983633662779207,0.9214632592368543,0.9492516160954613
0.5027876620935252,0.7731285647161747,0.8942746491550766
0.8079892839917882,0.6385088163604976,0.7795836047915149
0.325078197158333,0.8506372146139197,0.915565710113584
0.9706904211993199,0.2813857297142754,0.2942260566508462
0.25189013400404836,0.8724964372037973,0.9243094836498308
0.2858016511703941,0.8609553778300003,0.9198456987808677
0.8290931113691418,0.6300860468288233,0.7580406432593242
0.536956428171283,0.752523814551206,0.8888840583922111
0.3789321976784354,0.8325320091006633,0.9099827341352431
0.24561363314737095,0.8765010715665256,0.92778761121725
0.4882675259217465,0.7822789467528317,0.8960712488847487
0.6545314103721938,0.6742099741026727,0.863312823225706
0.660563745921266,0.6669817181435207,0.8585221369098393
0.05556946953353714,0.9858142821616163,0.9970949383991712
0.91128321016001,0.5222791980672621,0.5883496824309915
0.5958810972981821,0.710939444060654,0.8778623760817915
0.37893994465093866,0.8317724112576417,0.909136782690599
0.0549930349549576,0.988146103674006,0.9995982428144069
0.4296626120373258,0.8109469139758876,0.9035064838549328
0.2134503735760655,0.8986826800415009,0.9412298088806763
0.4670835571733939,0.7945159463781711,0.8990869197320424
0.7741269731026387,0.6545167113845184,0.8098036825426382
0.8628948188933658,0.6024393427960745,0.7123927582121905
0.5027936953861559,0.7725835871362309,0.8934096026406835
0.7609750112306761,0.6563792694568416,0.8181000380096688
0.5851925974465835,0.7179387528460899,0.882517219287979
0.7057816221105907,0.6618289095540557,0.8412992321595414
0.4634265777837298,0.7948731426003565,0.8988367996499774
0.8949457614587182,0.5588916674483724,0.6452673338523838
0.9939386393911839,0.16070214170514507,0.09965142931451362
0.6300258963949704,0.6860582323220552,0.868241017672738
0.1770841417192746,0.9195762258490238,0.9483169426089496
0.3645742639308943,0.836602019847679,0.9108390665214612
0.8136651211134618,0.6395178031785921,0.7748830859310395
0.5695513118830444,0.7272817512035167,0.88315901003121
0.9375794171209415,0.4360193794194859,0.48737286802611895
0.25405264560515006,0.8693350807648699,0.9236553036459545
0.5078068047638417,0.7686825054702814,0.8923910994040694
0.9375289582263235,0.4374557606721414,0.4891245428235303
0.6125496281728852,0.6963460734073522,0.8732214284087307
0.5155944364275005,0.7640094817542017,0.8912341466108149
0.6249302750455702,0.6895917588902828,0.8703297034555779
0.7971397683263979,0.6438059222461906,0.7888230759182955
0.44969750038304224,0.8018491052888586,0.9007584445734951
0.2179141495259344,0.8929519466698348,0.9392088514516683
0.7889255233130459,0.649287420033459,0.795023372086445
0.6249668441434133,0.6869422624226068,0.8703484526379734
0.953786646906098,0.38492111024012626,0.4118253896419173
0.2747223956582741,0.8642856334917737,0.9211979012783329
0.8804095879006323,0.587642262852045,0.6779602283456218
0.6300349366116927,0.6848148007513613,0.8692323765903864
0.9496254275543662,0.39049343171336226,0.43070962788185424
0.1569669976253684,0.9261772550523508,0.9517899876553347
0.18663537019066856,0.9162628231181741,0.947377883542889
0.9747715463141671,0.25526742498233007,0.2602116415346377
0.8721551487431514,0.5943883604891674,0.6918729515864445
0.7057683140232394,0.6616871822270275,0.8429476866870638
0.22740606527207616,0.8862447302117119,0.9361551912429094
0.9689114443791068,0.29381222967429077,0.30805886699048074
0.33884725513244757,0.8461463666253597,0.9142663674121418
0.1741099353245679,0.919816530929122,0.9487147714573805
0.44332098608955,0.8057119699561196,0.9023146280998067
0.20303904947590426,0.9063429906194421,0.9443429940188626
0.921635509208576,0.49061014659708735,0.5546592124824408
0.8596705033093185,0.6034392384352066,0.7160646498481678
0.9490581978200249,0.3929894939720388,0.43200665024653434
0.16314981852515087,0.923792815910646,0.9505693641209452
0.6191308226289425,0.6942193301115065,0.873011932682396
0.6125116389854675,0.6981207656911079,0.8745674225628008
0.9731824042870357,0.26959013221196576,0.2781337427446746
0.23770362965496405,0.8814752055999426,0.9340048973189814
0.9131207173144438,0.5132328487184105,0.584615454692882
0.14079838784049675,0.9357851206055051,0.9640614864879772
0.2377134184434942,0.8779200069013086,0.9330149000737312
0.9385261750193991,0.4353766283269847,0.4835239212660695
0.8756626764299579,0.5920792815798025,0.6869196860706003
0.8775364383527418,0.5924796397504294,0.684903360161551
0.8079814345601917,0.6429714255904209,0.7808798528417735
0.8629076477199776,0.6011361134979996,0.7118370657908755
0.5649461061111808,0.7344176572389378,0.8865440757614163
0.7833177876948587,0.6505219432091733,0.8031637424756436
0.20304774584240107,0.9045541365899004,0.9445177179892255
0.5028442489898588,0.7713586000380643,0.893172523730239
0.9732255633249425,0.2663155476704649,0.27450204090872915
0.8672462089833454,0.6025975532280275,0.7014849656409008
0.47163301187600964,0.791394632238413,0.8976841385454787
0.9829261980283489,0.20182365173600159,0.1908497469303252
0.3195067123819992,0.8514048355751641,0.9162688341310139
0.11024438672345295,0.9539408783405161,0.9743309743270661
0.8596899686489425,0.6026424182327101,0.7153510995543263
0.1822641677717276,0.9184729100647235,0.9472646851710393
0.5493620843623377,0.7425725159051095,0.8867287479745805
0.9732445878431957,0.26203219467216615,0.27026273573679005
0.8639614567532821,0.5993654171169265,0.7084953353907881
0.2569848511612842,0.8694661917958655,0.9233833122854488
0.932542756561588,0.46004211112882043,0.512915690052659
0.5777989084458985,0.7215471973253129,0.8812395837001336
0.2569886726641616,0.8690123844222598,0.9235200818189437
0.12367021296416528,0.9470866108831334,0.9710856983245962
0.28579961072606697,0.8611932338014294,0.9196270711534383
0.9415195477061443,0.4291483747928006,0.47491108787693026
0.46702857178371304,0.7941010322496274,0.8996682429658328
0.9204595159463681,0.4926018980544392,0.5577632877797923
0.4957637633942465,0.7791968053137387,0.9039494910390371
0.9647084633138263,0.31954444928777387,0.33442693045273203
0.39447968649344606,0.8262231586364243,0.907399304439692
0.6125415914706234,0.6973126554311185,0.873072119623481
0.364560025520842,0.8387203320150177,0.9119966885403106
0.8756298130673597,0.5929374748887752,0.6865883689907215
0.5600598603268975,0.7373453640386732,0.8861400928792671
0.06251653881203686,0.9828527867516859,0.996113846769459
0.9294172006595436,0.46741448700950916,0.5278430170234739
0.528204651790501,0.7575362225323039,0.8901789502281742
0.48830614613493073,0.7816715353501567,0.8958477589849587
0.1407998689836635,0.9353749285544892,0.965001804504962
0.12367519752488668,0.9465456332645182,0.971633077031321
0.8555367598382766,0.6073414643701697,0.7262208563092759
0.48234201038821817,0.7851263107549181,0.8964985969034025
0.8596312717884602,0.6034847943821348,0.7174071105876435
0.24893154891170516,0.8733905929762219,0.9256857213347006
0.12367735379354389,0.946482020250579,0.9706025405937753
0.560074305224116,0.7364339842272308,0.8857929581455022
0.3494215537100897,0.8429235091820694,0.9131071813067643
0.9233711073976586,0.4956877251420089,0.5530155239955357
0.4823398414977369,0.7854942551777561,0.8961100984432698
0.34942460223407146,0.842507837196563,0.9132995121157386
0.6468784093222945,0.6778689281189361,0.8648853011207581
0.13609368280057516,0.9383316713957023,0.9662926016757468
0.16315122225906095,0.9236997491029362,0.9507058965075341
0.5224916886585841,0.7620442638175128,0.8917407819946136
0.6546036677738433,0.6698048072448131,0.860217117216108
0.9419739384804714,0.4365567606520383,0.47489568333103926
0.9672589904886268,0.30158105723548384,0.3135753828775915
0.6191739872219104,0.6915925409997175,0.8717002481858064
0.40635370009020044,0.8215303583764426,0.9064847823969288
0.09332212927056195,0.960297371694164,0.9766132488116088
0.23769342586145634,0.8824610598113664,0.9344452096519782
0.3749035364559025,0.834156754732674,0.9101098932991052
0.9268939921275036,0.4803803006737915,0.539893706150394
0.08546326286506066,0.9635990631290505,0.977054422404136
0.545933466924451,0.7481715149525002,0.8894424151655623
0.9968813670008649,0.11370012881489329,0.05980816179405188
0.7833283699272595,0.6513864265879283,0.8028178439477491
0.9375406656782903,0.44062579355399883,0.4884704502970755
0.9085666488909862,0.5278459325895325,0.6046295017365771
0.9325691548526328,0.4535977165356096,0.5119004430798956
0.06451635257556226,0.9817043459553079,0.9955615823097882
0.9599335203598531,0.34401067071707103,0.3699992581680452
0.46041182583325546,0.796962239017345,0.8995787135747004
0.0994387767094492,0.9588437676893072,0.9756479089950281
0.25698931077520476,0.8687498468478728,0.9234006092205267
0.13608726467627913,0.9394013775565063,0.9650687554121442
0.9618259246755967,0.3505361054453371,0.362990917731048
0.3665613484938336,0.8367274788243316,0.9106528233551424
0.34941645593016607,0.8430450228857125,0.9144028237128287
0.07401089832612691,0.9714211033674739,0.9865245779098051
0.31779973773846015,0.8527591058405417,0.9166912036193092
0.13168725503265757,0.9415713488307423,0.9685112448183697
0.3272833965081885,0.8505898652291108,0.9162744908878159
0.949085434360475,0.3917825027041239,0.4316594604128338
0.9646356712304223,0.3194490851054148,0.3414967041011252
0.9415025469560444,0.43627906572657094,0.47625757119199297
0.9268419074898068,0.48660189495384454,0.5390404749775737
0.7610090774257401,0.6548457620249596,0.8165967163847455
0.27270605949304993,0.8652013841981716,0.9218084149607702
0.5649829164312249,0.7318356395753761,0.8842069346869349
0.9240875848938026,0.48244114598308663,0.5464652376039061
0.6005906166352546,0.7039131140978045,0.8752032929556225
0.924079641818775,0.484307601067869,0.5476199996891987
0.9529319788509008,0.3757745136764336,0.415323268589432
0.6069208964668772,0.7004391871283292,0.8743335756915962
0.8270109790983248,0.628627619343531,0.7581853480039776
0.9890679670282455,0.15527987739675336,0.14436212141255633
0.5778590607008461,0.7215293719341088,0.8820092796372925
0.7784443655113082,0.6535012880604271,0.8068060491635236
0.31950413229038455,0.8521525614098737,0.9162502382087445
0.40043361664625887,0.8241881272082062,0.9071074683615364
0.18662331664840243,0.9174192977554243,0.9470837787173569
0.8348891346719138,0.6259602841399919,0.7499095528566414
0.678255187504044,0.6619370989113903,0.850248465504366
0.5027742111262341,0.7745463688207795,0.8947022050923572
0.15121318671916423,0.9310445458401452,0.95685355666283
0.0550295113575823,0.9881080464244473,0.9995882766737785
0.12890715961862856,0.94298641032215,0.9684688363255957
0.7379415360136942,0.659777877070982,0.8278143800334375
0.42967199552747964,0.8103630378899511,0.9032529354068215
0.36456467288791955,0.8382626559796511,0.9112280101296764
0.8221780185123081,0.6341959223922539,0.765339038629312
0.09479240819337076,0.9603090327683365,0.9756356656252361
0.3337876175706858,0.848786941164153,0.9162025252629046
0.5959043978541952,0.7095299292342199,0.8774060188820735
0.4458473457082229,0.8070592176001232,0.9018831336766412
0.9461274520766008,0.4171413881856835,0.45401576157149276
0.9538356102278128,0.37027247976125727,0.40804684362579924
0.46041624597801856,0.7967379531836133,0.8993852301592716
0.20108404575783947,0.905950571189219,0.9450333720272674
0.07138927822318993,0.9759240530481728,0.9900698375241708
0.9204561177608126,0.4955529041953449,0.5575879033006506
0.9968457973712278,0.11718232143651433,0.06613198888731497
0.5601151109281653,0.7362957605133686,0.8856385259416444
0.18663736677536336,0.9156766201546896,0.9469577513293191
0.3063781063297012,0.8554117932647827,0.9174514488945137
0.33379534200938593,0.8472733284735834,0.914918788998927
0.16315298914995247,0.9238004711575993,0.9503192454427211
0.4157551852990882,0.816922138930951,0.9054965390143859
0.1236721838649511,0.9475897758305866,0.9704261073382011
0.9027620265405579,0.5428997827995709,0.623073660710146
0.678274987128453,0.6615566440260189,0.8509223120466786
0.6421332079891476,0.6796846312253805,0.8674230086276075
0.13459253215630895,0.939148598828748,0.967389660505939
0.8639311294728256,0.5999828280967398,0.7093601775676751
0.29235349823091356,0.8582202938211267,0.9187939275636918
0.7889163703735006,0.649496825435621,0.7971341905074385
0.3944733517112477,0.8266517403110873,0.9075310021040086
0.9763264313719868,0.24100472344855267,0.24594171179296495
0.8136417614263177,0.640111176516322,0.775766052881928
0.9181024465490509,0.49970002061170726,0.5642530609638884
0.07401122039348348,0.9717116790207971,0.9864970924778419
0.0831264957840036,0.9645203530359788,0.9777784693144157
0.7953795810613734,0.6483026473612663,0.7915942019968656
0.9890875025194495,0.17313657431973203,0.13927101318081767
0.42961118745611054,0.8142058978597848,0.9048839686463583
0.934187005873261,0.4491287594803669,0.5047598222285908
0.7637587105369897,0.6556761018174407,0.8159012263142017
0.8596163587059066,0.603768682965369,0.7171227615840131
0.5852362722372701,0.7154862743868069,0.8811420098128874
0.855513381325715,0.6178187110392046,0.7280823591488707
0.7971160907130265,0.6470309665254101,0.7897607990774294
0.4459156586030893,0.8042083314558048,0.9012572429484397
0.37893701846034605,0.8311480592108151,0.9092785841811072
0.5369588228018816,0.7522087932856807,0.888857776582706
0.9966946500566242,0.09110679610253251,0.09630549637026767
0.10638338259077582,0.9557416177028009,0.9761785543773943
0.8093698122034032,0.6411924507762632,0.7787672649690852
0.8776072680438219,0.5902289475801553,0.6836943245549676
0.6345420861970703,0.679918647547109,0.866242522670688
0.7463776953517305,0.6588303058100057,0.8238506154924216
0.705800348033671,0.6577513999525353,0.8389888735025786
0.22098997567518208,0.8907809325203065,0.9378478712325745
0.33884491362203684,0.847016993073201,0.9155287758444787
0.9181436465113623,0.49935841973253375,0.5625084979859672
0.27651101247274934,0.8628146866480121,0.9208633871715123
0.32180366175320213,0.8517192207246099,0.915585224256531
0.31780466804507074,0.851867754865542,0.9163054846279243
0.05556461946925244,0.9858161755393554,0.9971853663803208
0.477459891591139,0.7884836086218766,0.8974767772138033
0.9204832558438689,0.4923407855770086,0.5566772777652582
0.054265566758260844,0.9882175460311322,0.9996228109681986
0.5474135679539989,0.7446163298937274,0.8875051579982888
0.5493533112015629,0.7426145445344338,0.8868824818649917
0.9838780771019673,0.17678047916015024,0.18926831036268044
0.7889335206335062,0.6480338102838296,0.7940242635819317
0.515581188776446,0.7642169730460845,0.892237710177968
0.6005293357231074,0.7082353959994718,0.8752343810539678
0.9964473893298463,0.16110864095223212,0.07400251245351766
0.809333982103828,0.644820400779532,0.7784449056155676
0.17218027635341307,0.9219263419883597,0.9487609418412308
0.5758691414762107,0.7237621280339507,0.8829227081217852
0.9538152176230316,0.37503370814299136,0.41024037586665524
0.10279852824110737,0.9576602490128666,0.974920028196697
0.9143941181714172,0.5102246966851648,0.5788307705575235
0.1102428681290463,0.9542021349716214,0.9745016594567779
0.429668149630818,0.8111102411966379,0.9034464720807985
0.8672734987782029,0.5976125443003258,0.7002260206416213
0.8879159282707392,0.5744023384408451,0.6623901482781716
0.8269649034057576,0.631043296610584,0.7610559623116382
0.8199616256165919,0.6335541869598539,0.7674447509562248
0.9838751247293531,0.19025686421666788,0.17844276018514624
0.9877587092434538,0.1826870014803981,0.15442929078891704
0.9036601473969422,0.5389468456521429,0.6181415877042422
0.4823071468089062,0.784856932777024,0.8973855052006675
0.27472735170895995,0.8636365343558725,0.9207372935667075
0.9496424720252502,0.390021195119167,0.43035327310690635
0.08312827281713177,0.964132814847386,0.9768179797304402
0.8699577295422682,0.5968788309674533,0.6954775020684577
0.2518967757556656,0.8700159097888058,0.9242177969852211
0.20916512292990608,0.9000325783850053,0.9431573257351895
0.45232988699340615,0.8017792832007379,0.9004923969949791
0.10455750900809017,0.9568447389275335,0.9756264453483123
0.6782792938040869,0.6608719866490853,0.8502438691938344
0.24562715041842606,0.871779072857942,0.9259994331705118
0.055410242721532645,0.988081501516275,0.9995376368209804
0.9538352766060235,0.37456379132007733,0.4073537210250313
0.8699310140122903,0.5972446943703397,0.6969411308995535
0.9180727149507123,0.4993952191025323,0.5643419408236808
0.14758526164037863,0.9321441246507218,0.9594832899825988
0.12890002896793334,0.9444630572095398,0.9686109453798016
0.6191841839081595,0.6909193913010352,0.8715121812412197
0.5369782416958365,0.7516842149055261,0.8882023579043485
0.8479882405813054,0.6143766993607137,0.7366436417551567
0.9313026502895924,0.4582291466157699,0.5160805812259591
0.4476043045514103,0.8039875985431935,0.9015382638938391
0.8270075383895396,0.628692674616708,0.7591457828777548
0.3977300911440046,0.825432841949187,0.9074431294114889
0.8699185536807722,0.5975949608597746,0.6963899932983123
0.8699610007696558,0.5961435225259236,0.6971722066249666
0.11885385803748032,0.948811667904537,0.9711961304666242
0.5028407190865526,0.7717061509714039,0.8932025748292759
0.1102446769357061,0.9539520511561523,0.9737986957773481
0.9854553952250985,0.17531640717379504,0.1669149850438357
0.9020307105883784,0.5450002758233986,0.6239879470472653
0.9939223463043452,0.1120663034760807,0.1020062245164294
0.6737118346685572,0.6607139639466475,0.8518119481548765
0.911314650971959,0.5191336086060353,0.5893308373605309
0.8873602681838836,0.5746332939934389,0.6619015375170826
0.9131305732334621,0.5119601594243196,0.5861211312285285
0.9608451632312581,0.34021619090878813,0.3653499560688519
0.9557894973799926,0.3633525410561652,0.3956644251351146
0.3461686572356302,0.8437634979092182,0.9139321744024507
0.4445080684333327,0.8049553218240015,0.9021148054562299
0.9036082260671328,0.5466166438162974,0.6188132794741988
0.46709161932641413,0.793517330802972,0.8983366259922857
0.4063727694712617,0.8208633529247494,0.9064529896000725
0.7511961551283449,0.6554714174512382,0.8202997672466512
0.7486569833308824,0.6554638546331976,0.8227925472315452
0.5933759033638496,0.7118232272302878,0.8794258647947983
0.8867149378867655,0.5769471874901355,0.6643306604462017
0.9196308644636292,0.49447145648867913,0.5600191271786886
0.12367729584030299,0.9465521672318786,0.9706863038541703
0.9862306203010172,0.17088664741789794,0.15762314371243924
0.32180470938937294,0.8513706121361462,0.9156033103374421
0.45573363543864465,0.7986696109219257,0.900451263120229
0.4004365471411258,0.8242431237954623,0.9070936404647202
0.20303706816617878,0.9064171840145071,0.9437347243907173
0.1935940285477946,0.9134551080868137,0.9474966459350448
0.9625487728848019,0.33014031750867123,0.35615569265399416
0.33010263971509957,0.8496134745116649,0.9161081526514611
0.6421456230123885,0.6771592366798898,0.8652956669244776
0.4634198979172975,0.7966256142105229,0.898863700937632
0.5649474447105389,0.7327339759581942,0.8849424772188561
0.48831367720987173,0.7806109116273269,0.8953020529743684
0.227406822078122,0.886192714187323,0.936077784543193
0.8269871759360851,0.6300620922817936,0.7604026063548815
0.9557461215651492,0.36384362584084695,0.3948758430230343
0.36456439584130934,0.8382948091515818,0.9114983328372219
0.846197402542385,0.6150897188898069,0.7366131068066237
0.3645676523045726,0.8376986163803348,0.9111182959725113
0.8721193796693969,0.597066183326189,0.6945334007965929
0.8791520731653698,0.5897821588753617,0.6813283292509136
0.9354405859072683,0.4452325879280083,0.49755417928312207
0.8848285861513173,0.579640491387198,0.6674646239813498
0.8858596315272955,0.5806985139653981,0.6651748920835114
0.7572934721527347,0.6577690510169331,0.8187651337471087
0.9599533237319918,0.3423106032723224,0.36902910065358363
0.5600660045830343,0.7378457998895408,0.8856230180634708
0.2795391824408253,0.8631209301453316,0.9208612802210796
0.9966662422194635,0.09112616371180404,0.09933084974014951
0.0541735707250483,0.9882347463384107,0.9996532162720748
0.3734273799140474,0.8341487067066008,0.9102234251372238
0.3272852941697727,0.8496848121056858,0.9153366264933205
0.5077346632212355,0.770579251026326,0.8942662099790336
0.8028609301679248,0.6441974843576905,0.7857511801047194
0.1360952401461818,0.9382938589667779,0.9657216365358743
0.8731895007491745,0.5968321643263126,0.6917069207624924
0.9013925138051067,0.5475697556708072,0.6259956565350046
0.27954152582799247,0.8630382144311254,0.9208200017521884
0.052645397802962554,0.9882457017904167,0.998718455978742
0.8422476783646187,0.6180182083968525,0.7404456706260862
0.47342754575901946,0.7893769811678597,0.897426660368657
0.8504608263988439,0.6118610781586279,0.7327672627410479
0.5649204578903405,0.7342448725294449,0.8870784881183768
0.9599429643325886,0.34241176609656904,0.36865342134352036
0.8866896515362497,0.5769534203167674,0.6638050385474658
0.9598557298969331,0.3603147595050913,0.37512328381166105
0.5852030523135268,0.7175712303393199,0.8814921607513269
0.2727063327630057,0.8649091662850743,0.9220053242165455
0.8411321574785368,0.6197462602430418,0.7450561117976805
0.42965811420445416,0.8119060720579803,0.904081169370285
0.9143623069054675,0.5096707048192819,0.5802005350171686
0.7609689696326467,0.6583773239851503,0.8179739025413202
0.2879463626770845,0.8599145753425216,0.9197487285605942
0.22906221524789544,0.8856209010077747,0.935818452308211
0.974881422798666,0.2496293099842594,0.2568689126020273
0.5251076170576366,0.7587783517434618,0.8901554144599134
0.3337906426757102,0.8487398476208713,0.9159261500960425
0.21791054408781216,0.8938332649422909,0.9400910734960257
0.1236798737479611,0.9464563846783917,0.9711998090566688
0.684369212595373,0.6591766397145029,0.8481206385413214
0.9460174221643758,0.4217819849201619,0.4928121242725413
0.8349092926023168,0.6232450772361106,0.7497542374222822
0.4958123788865993,0.7763131558124727,0.8946135067027493
0.8348663931654008,0.6244366793135319,0.7516915295069376
0.6545911896154546,0.6703636228249602,0.8604692284709732
0.4851706468624658,0.7823202467710104,0.8955313762844532
0.4670303645268647,0.7934014609216123,0.8996698503643835
0.4578791582189708,0.7993141396426927,0.9002938619204351
0.3749083743311062,0.8333923312865388,0.9095915487881532
0.5224889812726722,0.7602125103839351,0.8920863816828463
0.8422076095205838,0.6217978030373823,0.7404309861154652
0.3977347879645369,0.8252952760167932,0.9071312804367676
0.8791297518619421,0.5901447065428477,0.6824446898445344
0.7463764315229475,0.6588212041445998,0.8254355345149549
0.7572683720060702,0.6576607166824272,0.8195660557798072
0.47165515854275036,0.7903459884406335,0.8974545519281234
0.8116913759283331,0.6401915282567234,0.778019833109419
0.86728132306335,0.5976500178288491,0.6999690876820225
0.2091561822674711,0.9024043654318209,0.9431502236119672
0.34339179699837324,0.8451889715245758,0.9138826229345572
0.5567019691652577,0.7378939715324087,0.8855295430415763
0.14758659138530925,0.9327780664245371,0.9590528088500193
0.7784387616962022,0.6540424296763386,0.8077520223966905
0.8438452984765585,0.6166901498045051,0.7385668424131412
0.10279790574058162,0.9574582651212052,0.9752156027620945
0.8629324772799154,0.6000910477537038,0.7096623279419652
0.10639246945334012,0.955871192134673,0.9748921085946436
0.8438279217463287,0.6164410102234634,0.7395921805128477
0.9240894945819023,0.4840805364108892,0.5462418282908009
0.17708242483086525,0.9198309192991655,0.9483182441074102
0.12890680896544943,0.943036752528053,0.9686893821289385
0.8136338285571648,0.64059482284395,0.7756347439891133
0.8555633718840041,0.6069334759340826,0.723387704564729
0.7741208368562702,0.6543802862464132,0.8099638398971929
0.14758858709989195,0.9318970700133633,0.959191206655673
0.9800223623380393,0.22198677256591662,0.21762594131469543
0.8672740180409315,0.5977934075733614,0.7000496155333835
0.8555726609687992,0.6060674489137309,0.7235848812078176
0.938502029880218,0.4352060435706916,0.4845522019683063
0.055557541297154935,0.9874221797883016,0.9984147350455536
0.7833035957397321,0.6518216818565159,0.8025993854132745
0.42961764838711325,0.8128172758050412,0.9048060973021503
0.6577602920864982,0.6690297732878276,0.8597366072203516
0.8422464911224221,0.6178435940364855,0.7407560659604367
0.5758231679025634,0.7241626753460683,0.8831807680207714
0.6125325330654476,0.700016871980476,0.8743793027985707
0.07401175085947474,0.9713083006214869,0.986632656629005
0.9036607877804583,0.5402950709682184,0.6178624789501246
0.5369702190651987,0.7510210358955484,0.8884098942134561
0.5268348396620822,0.7581921874394548,0.8909135048614202
0.4296093373851099,0.8142824314646651,0.9049687768804412
0.7637827272815076,0.6524021468595794,0.814480076359683
0.283082187434043,0.8623660349660865,0.9205362923641446
0.2765097931775894,0.8636327331199062,0.9210029952540622
0.6048909974399975,0.701584936301637,0.8745957415870962
0.3904746374124464,0.8274089081974125,0.9077165986909835
0.14079788260079518,0.9360291211290662,0.9639715083655865
0.507816717249359,0.7681911738811942,0.8922315455605927
0.9027391002666881,0.542999413001139,0.6227559627845835
0.9196040938991027,0.49584024852679737,0.5602982169106564
0.729884118197123,0.6582618122518066,0.8299913488628755
0.2678005885638693,0.8661835392208733,0.9215717644181678
0.12367632631167719,0.9468926308197213,0.9713263885500426
0.8555696846692753,0.6064132641762424,0.7229877484010914
0.16314833995934286,0.9239118102673197,0.9501394812126873
0.09943923014454349,0.9589339278798397,0.9754668560065397
0.35778902466487944,0.839852766251183,0.9117816404537561
0.4296692700659268,0.8109095578804011,0.9034000639577846
0.13608323105828007,0.9384454275607158,0.9668337872325465
0.6191338594671656,0.695102357555165,0.8727074442965748
0.5852507508229595,0.7154821111001235,0.8806667153223314
0.8596299970393165,0.6038225134533404,0.716642670490972
0.6801286108302453,0.658502742218791,0.848622393953732
0.24893685858112347,0.871297754205159,0.9248592445318939
0.4091455956849684,0.8199864389795933,0.906302400998617
0.6421570142609934,0.677098617329838,0.8649462328460216
0.9312952204721308,0.458431823375292,0.5156257509637856
0.2010733135422917,0.9080149526149324,0.9450496654104511
0.23769548495359136,0.8820490630668105,0.9340371699216897
0.5155976180334095,0.763735271118422,0.8914914047057175
0.15121455108400259,0.9292449402579167,0.956470723111735
0.9672308280437174,0.30528085453150455,0.3207361732018636
0.42965539846454653,0.8121055765745084,0.9046275256399853
0.06664807708222323,0.9818765648250444,0.9954853922319913
0.6005072848918558,0.7071480797398177,0.8775170493246275
0.9240904545815328,0.48359849951047623,0.5453051080477765
0.9180607852379156,0.5034955613567422,0.5639347531979247
0.4063688162969177,0.8210572637398108,0.9066012830758855
0.2249603096049217,0.8882399589788994,0.9369781799711117
0.2377166664897012,0.8778740414855287,0.932872896467959
0.30637469142978785,0.8562880640451016,0.9186106483868625
0.054207399674737373,0.9881481849967504,0.9996321900168053
0.5028344262542558,0.7724567916260398,0.8933386288412902
0.2518922210855395,0.8724512108863892,0.9244641990039674
0.49582448564566795,0.7758774884244342,0.8940249405826566
0.8949096652114891,0.5786757670147706,0.6559411348879096
0.9294650156499411,0.46709390179759325,0.5310029335621745
0.7057910182902563,0.6596090296732212,0.8404645806506685
0.9818872347862768,0.2093736062772962,0.19888036155232175
0.9937998519194717,0.12424745426321919,0.13607876931125829
0.8402567332473427,0.6203092805983377,0.7436828006598517
0.6736966877267723,0.6653250983632734,0.8527083677174175
0.4476099583632134,0.8027487566001723,0.9009818321090267
0.6300325252291344,0.685983797022874,0.8695641502357137
0.9818787825444734,0.20796015780793886,0.20026512592094206
0.5852318677874877,0.7171139487766003,0.8801107079065874
0.5250629593632536,0.7603354077003157,0.8917607301726881
0.997013872972547,0.08270028445374268,0.06418332482452781
0.3063762861867163,0.8552638044987062,0.9174832828779731
0.884839573799536,0.5807635036708749,0.6666292769422864
0.5250984189382489,0.7600940919195096,0.8906625779383769
0.7833519647816942,0.6489336453125936,0.8010123295511777
0.2830862411658491,0.8616474096521346,0.9199249365098985
0.9180487360062873,0.5145126350735695,0.5693320223435869
0.7486325595431365,0.6585784201726411,0.8236518135910953
0.7832957028424811,0.6529974994880322,0.8041471118617552
0.9935152904126995,0.12891334715348207,0.1404121155339391
0.4957398642362684,0.7799559981484945,0.8967461185379377
0.21344656724402072,0.8987595889809882,0.9408301850331359
0.585194374939643,0.7191795558553712,0.882365993627491
0.9943113737297222,0.09903754069428403,0.08268411464550492
0.9571111088393769,0.35717206048962885,0.3872294079951769
0.852594990030387,0.6098655482808365,0.7300309954512602
0.20303955335258553,0.9063331483810908,0.9446485918227412
0.11024549148498568,0.9537622025541745,0.9737224319377025
0.42966170434157247,0.8116561888473762,0.9040073639333487
0.9748278770899571,0.2521777338673539,0.2576351878709352
0.10455979852934108,0.9566897107449566,0.9758000775102086
0.13459189781382064,0.9396785365576653,0.966548261061399
0.8555572161145085,0.6071623084815619,0.7244277302491625
0.18497576387877138,0.9168159711771801,0.9471874802479987
0.4774784839179766,0.7876160130317764,0.8969835038774423
0.1935967504444342,0.9123207598249966,0.9469725243198028
0.9097442449117902,0.5228677499593656,0.595644415392975
0.7572876169240176,0.65701752141794,0.8196793304952656
0.15121472562523589,0.9292119145070159,0.9564209360499248
0.909821455531638,0.5231445438204013,0.5949775725078474
0.26120639595022377,0.8682283043632334,0.9229004969782921
0.8221826304917685,0.6341892644862537,0.765698330516168
0.7874192172775287,0.6509194686708744,0.7992870585150454
0.4296148176397611,0.8143161202985424,0.9046453322440339
0.15696549104185492,0.9286025759475447,0.9527573649642411
0.9748610346075,0.25366310052646807,0.2549636008247095
0.6761663416800593,0.6618027068125063,0.851661189797719
0.4130910303174201,0.8173556990526587,0.9050155225647527
0.08793468502771165,0.9628223228957241,0.9759670178629196
0.59186573341504,0.7108952015185378,0.8794986271807159
0.9714487798335497,0.2821291267196091,0.292416094932808
0.8028553071565616,0.6441687454427882,0.7859294562272352
0.3577852103803394,0.8406450909624141,0.9123280424989366
0.9520352614113878,0.3793879326788094,0.4166782908125196
0.23770903150239206,0.8798518341265388,0.9343584832327054
0.5695467424216035,0.7278293384522333,0.8835693290578798
0.09333403716924625,0.9610697166473579,0.9761722979471499
0.7057626462659332,0.6647507756978817,0.8430011730631337
0.33377750947323703,0.8492466793170165,0.9164761797044766
0.052638998399369155,0.9885379281447881,0.9988639418517931
0.7057817749337494,0.6602618228560463,0.8414415219501377
0.15500851670359192,0.9268862793307904,0.9540068983102481
0.9818034797556385,0.2269680975349625,0.20716502065710354
0.3854488874842992,0.8296252327840283,0.9085478966464707
0.055461265270183066,0.9880502302869533,0.9995427356000995
0.8167408037845701,0.6375639902408803,0.7727185806943745
0.8555559296055538,0.6066798349224612,0.7250657015969244
0.20107996242662443,0.9069818255640564,0.9457719507963069
0.15121432444889593,0.9295334376182873,0.9568096246176875
0.30636800026984234,0.8568358281891275,0.9189601471317164
0.5758136145023228,0.7247990467879057,0.8841720583814188
0.9113121154266939,0.5183164670699291,0.5895633668971156
0.3195056888526605,0.8517269691722322,0.9161704129068451
0.4958220358029106,0.7765348891093772,0.8944775882902101
0.3944732202856564,0.8266555019128337,0.9078453849705649
0.22740456360550185,0.8863503723792219,0.9359902200254978
0.6761561314370819,0.6639599911656736,0.8515020198947746
0.6048987827818704,0.7009810669217834,0.8745725659554119
0.11024591330564479,0.9535651637794152,0.974016876610213
0.3872586355095814,0.8289467049970304,0.9081679463384021
0.14079438654042692,0.9368647493869856,0.9630634770158599
0.9586078318677261,0.35708350507760883,0.3996578727416853
0.9624835173781755,0.33291163372994415,0.35770005412339917
0.8479820779469549,0.6155947859996328,0.7360713183126809
0.15697023450418063,0.925788272938069,0.9513364975564876
0.9731811085152138,0.285230682383481,0.2792397267438292
0.2091659835158348,0.8998697901487529,0.9430417763074698
0.05881571093163948,0.9844238663610182,0.9964390005452516
0.05866953035088079,0.9847016347953326,0.9964564959168625
0.9732428472373079,0.2691174359391481,0.2744582436374425
0.6005675650583928,0.705323874226315,0.8761832283007842
0.1408010966895144,0.9359098645514824,0.9632040255220751
0.22906097278023319,0.8853503695726023,0.9358660166530569
0.495791877406806,0.7744804887219439,0.8953401055699995
0.1475884365833384,0.9321032153484528,0.9589804801894265
0.3337877624708549,0.8487983496057157,0.9158825218840045
0.7058086027989358,0.6573629097292761,0.838706706360132
0.8166852912502516,0.6376050374626369,0.7705424328354855
0.585251912015617,0.7152073050795511,0.8805964127248006
0.6048845882140962,0.70194774028043,0.8748146724483185
0.36456760133594296,0.8378746956777163,0.9114046287598409
0.9180913126781411,0.4992720193091539,0.5645698416965145
0.6761752026567156,0.661306207156638,0.8509388059599401
0.1741072436805002,0.9206811226934256,0.9493285993094507
0.8422544986418152,0.6177462539967088,0.7401467836563941
0.7953881630382976,0.6461709720544042,0.7900304963990352
0.8028816465149133,0.6439615258224317,0.7857339660219408
0.7889200907912974,0.6508392213717087,0.7954774590208435
0.8775523848609943,0.5916939458236828,0.6849794211717996
0.9585618048580108,0.3643604947418648,0.3799255442862336
0.5933954883709888,0.7103217701329209,0.8791023254976467
0.6300316133667987,0.6849964940301352,0.8696704558715863
0.8775736093160456,0.5907960610817283,0.683648249905601
0.23770559133858507,0.8807065184759733,0.9347798515493805
0.8080066848230661,0.638442687979643,0.7794514830491428
0.9942819427363755,0.09630088182423717,0.09888116427545861
0.5474241402697896,0.7432799526831576,0.8868090974511952
0.25960898259562615,0.8682389806366364,0.9227768138809195
0.7889345624166728,0.6477929342733942,0.7950180400235916
0.9935058386795428,0.17136630938844494,0.11624343383832185
0.052637149915859306,0.9883271180826345,0.9996089539051042
0.8480086425455731,0.6133986911767854,0.7365922832309569
0.8349156919850836,0.6228628977497485,0.7504823223872381
0.5521361249808768,0.7421393545859599,0.8892174720339335
0.8136296790697091,0.6397488949087563,0.7758652518074448
0.1534655723223196,0.9277709360946998,0.9553461649716076
0.18663843537346744,0.9155249235102069,0.9469997083619762
0.8167424529171017,0.6365094609740538,0.7726208473645334
0.12890446775818937,0.9433721062675319,0.9688373378296729
0.6800989347906026,0.6617531464049077,0.8501292332789706
0.842250181666007,0.6177516761618573,0.740975310593201
0.42962751238416486,0.8135730628512818,0.9046709782551359
0.9905253507090254,0.13610431679918716,0.1221740016732707
0.06665915696341246,0.9808293504745947,0.9954941049592619
0.9788805772222866,0.2375525163644017,0.2294592458447396
0.5694783363652244,0.7302090543827523,0.8839479561067257
0.619191092907797,0.6908174025594489,0.8719395437997994
0.9294090822165625,0.4680675233647211,0.5276309290671212
0.654570967380111,0.6738142828045338,0.8631900676342124
0.22740502019706413,0.8861354489927449,0.936157162014302
0.9935877652027832,0.16590406129519714,0.10256155686190481
0.12002418636619416,0.9483695690236481,0.9711558071436974
0.8349073030392611,0.6231477487103837,0.7497976210467638
0.22098917893368175,0.8909580209745427,0.9377907264453637
0.6801278269523934,0.6587356290507759,0.8481862147783895
0.20640125629545922,0.9019096681725878,0.9439231115877783
0.8461792631698815,0.6164083306308454,0.7381507593127269
0.604901167221636,0.7004912379895348,0.8739952773493321
0.9902047317773813,0.13915523310078026,0.12620252248110608
0.507807829079405,0.7683533955376621,0.8924648621526383
0.6005878323405169,0.7038858420286254,0.8754530339800614
0.4716533912885411,0.7904965105313786,0.8973812696176229
0.8731678224430645,0.6003173203254913,0.6913951844828896
0.21790332963508705,0.8955447769597665,0.9397690161630103
0.5852241581510995,0.7160605493262486,0.8804575752783378
0.894934441183784,0.5632512857205756,0.6458755244637273
0.9131238493529286,0.5124148076685121,0.5839353345684262
0.46342206815286496,0.7960635041423241,0.8990931708096361
0.5758744016487837,0.723028058339218,0.8822083132337588
0.957097326508893,0.35852041886173736,0.39083474904161014
0.9528808095530945,0.37796670150028006,0.413261417890958
0.8028509261569821,0.6444055791830772,0.785910408840326
0.055547008638544476,0.987433292888258,0.998475642895104
0.27472123642163215,0.8646667783047071,0.922018308884556
0.5155992264107065,0.7638260417846152,0.8914053443916231
0.9829802024489404,0.1970749058244994,0.18824679547840065
0.8199380797348513,0.6349744201247068,0.7670537320689393
0.2747270989595185,0.8641528289688046,0.9211196540854043
0.937481264240427,0.45019023644547573,0.49143562191779255
0.12890326425520582,0.9431258968127899,0.9696926214564245
0.9036447975849717,0.540677174304105,0.618816012560385
0.3250661109949871,0.8508714517716468,0.915992666318908
0.07682334410783692,0.9678933162218466,0.9814971244415011
0.7057696051222618,0.6614312341412578,0.8431536160399284
0.9112890819833255,0.5196741833927149,0.5888197035183343
0.9244752212527971,0.48315274760657606,0.5448067332952635
0.3301058131816483,0.8495587200907443,0.915206140761181
0.13459445185011024,0.939587703383369,0.9661457581300925
0.2677980326884284,0.8661698217565671,0.9218111991193425
0.8804329252176999,0.5883259626513644,0.6768535445705016
0.44451221684703307,0.8050441861028729,0.9019681205780627
0.15697000049048318,0.9258213693247938,0.9514339196274098
0.5224963405335797,0.7598305507629145,0.8924547816957847
0.12755711693436178,0.9440892270154313,0.9688297593142503
0.2010737784652861,0.908998467937363,0.9448312470385579
0.9807363971611631,0.21793010227500348,0.21338428845779053
0.2896963156131276,0.8600571916874225,0.9195670382361707
0.8269941515015625,0.6290148799087381,0.7601918457520704
0.9342216037035282,0.44815397164906506,0.5051235469737497
0.8775655646277367,0.5913486960007033,0.6841821241978252
0.6191813283794094,0.6911936932808305,0.8717775361705664
0.778454165185487,0.6509489152055753,0.8048449030780126
0.8479913819827414,0.6136023812571805,0.7353000748078836
0.6005227039511608,0.7076391280002454,0.8773480373769639
0.8858963251852958,0.5777586431943492,0.6664930692151501
0.9793609915964948,0.22268286734006817,0.22089415089968178
0.5250501769412378,0.7603951784642539,0.8920802588118162
1.0,0.0,0.0
0.0,1.0,1.0
0.21104096415871548,0.9006519607214785,0.942662735693572
0.5600645235804517,0.7360590298538925,0.887754331587926
0.8149983110238519,0.6365789913903317,0.7730720730133108
0.2030478488834984,0.9044407951693592,0.9439149061529288
0.8613380303128615,0.6022213360173464,0.7136880781098329
0.7200576764724875,0.6603301384953201,0.8350124294402574
0.4586373889022681,0.7987321234668772,0.9003986419325202
0.5958391630086709,0.7090913387720864,0.8785577560943244
0.83149332618342,0.6267548689643666,0.754177367232818
0.9422193544888192,0.4226266751468665,0.47203555544510706
0.46178989864242515,0.7955637464808636,0.9009661822326716
0.9075869948844624,0.5307093582547349,0.6061097129831589
0.6489819820753143,0.6754203447822615,0.8628376409600489
0.7181843207529052,0.6602404359454688,0.8364913960777584
0.5422996872336597,0.7494458088258551,0.889397742756377
0.14411551526187208,0.9347344865259205,0.9608348699926712
0.5369766600287632,0.751259508267394,0.8882701382421404
0.5675040550439155,0.7312048328185505,0.8841612348925622
0.17926225577765326,0.9197686387780919,0.9476964187470442
0.9986739262677574,0.05170453609865119,0.014718198539712153
0.9976266195871584,0.04290557474602037,0.03319030328211159
0.9976009888084613,0.043161334599619426,0.03212219718740983
0.9979752811874217,0.04242652325695518,0.029540909123475397
0.9983433424177012,0.08843594055815111,0.028858136466350916
0.06847058323119617,0.979015310664195,0.9933970985041747
0.09806588606886403,0.9588002165301281,0.9756682385748477
0.06942225143874292,0.9772296375186407,0.9910143618448489
0.11332364642910013,0.9517331193453072,0.9726373488641528
0.06942016919724696,0.9774562500167089,0.9913048571310296
0.0842826433666399,0.9639934783707589,0.9779397474327072
0.08427796312045664,0.9640667918647744,0.9778950081160122
0.12890605238098019,0.9433563597486031,0.9681178071002954
0.07038911501579259,0.9761742501159306,0.9903425388853295
0.11492807696584326,0.9510112489301451,0.9722601878811219
0.07039269984662062,0.9761147583984334,0.9899171566803893
0.11492963986593127,0.9507584756427366,0.9720206744888875
0.07039379485584743,0.9757829289724966,0.9903467244163586
0.08546227691018836,0.9637816055419339,0.9775838013353882
0.1307478449552235,0.9419609207917862,0.9693356702193265
0.10083390062236781,0.9586987131114207,0.9758445510905082
0.1608454049838636,0.9242242814480637,0.9502951136180592
0.0854632839872477,0.9635777054376234,0.976450572404561
0.1307479086457623,0.9418300960721452,0.9691857649112645
0.10084796982582649,0.9586493985445282,0.9760444804278465
0.14687602706996625,0.9320775956915097,0.9596572966535232
0.013897211315668623,0.9890484448747829,0.9949167694345342
0.14687912914861323,0.9321091779906217,0.9595384979806691
0.13264008304380795,0.9404217977614804,0.9662171938422667
0.11657853444692713,0.949952463123347,0.9722959409285942
0.07241694109528522,0.9735916825824074,0.9886337313467342
0.16315041583583492,0.9239189190518766,0.9501386523763137
0.0866849927939821,0.9634173670964489,0.9764382956994812
0.13263960844718692,0.9407603118245113,0.9679937841202614
0.10230547074775816,0.9579406734999582,0.9757522177244387
0.14901726497604004,0.9303897203313013,0.9576768670952404
0.1182760912494247,0.9491346569107727,0.971259609632934
0.07241673210423392,0.9734179588078373,0.9890014978559075
0.13264564846466748,0.9403308054092794,0.9667104591539768
0.10230608631053366,0.9574735916329006,0.9752076055785927
0.14901176700038746,0.9329382352383226,0.9588216374885262
0.07241710031353153,0.9732923142216134,0.9881085820116001
0.17963344237536816,0.9183406486234089,0.9478474853431702
0.10379770516502645,0.9572302412561557,0.9755164950713449
0.10230166452389824,0.9580352505868076,0.9758774153921971
0.07347462063135651,0.9723095798609668,0.9871549127113879
0.07242248827620285,0.9732890213022071,0.9876539386310184
0.08793619587037362,0.9627112386755162,0.9760049368328101
0.10379861489778779,0.9572054648934202,0.9747057879320034
0.07241990414585907,0.9735669480812662,0.9879722498457595
0.11827544723273196,0.9491513056419384,0.970817953504906
0.07347162747400089,0.9721225772790987,0.9873075779302548
0.08793565277330313,0.9627217245830254,0.9763788487005125
0.16551845461134185,0.9222641467556367,0.9491753087909163
0.13459251497392197,0.9394947653141468,0.9667826132237801
0.21036959155200544,0.8992245802002874,0.9429673635930248
0.1365995583656334,0.9382675966356845,0.9660359683920573
0.07347503585039196,0.9720243536853332,0.986672206927002
0.13459603237400514,0.9391121015642373,0.9660580743014583
0.16551657660883848,0.9230980165506746,0.9499454197159991
0.10379270330505465,0.9570527220599877,0.9763934838644456
0.12002125986840056,0.9487207634275623,0.9720393259242974
0.19640867971549192,0.9102087354443621,0.9463138913241594
0.0892261017823548,0.9625090023758173,0.9769250178110901
0.12182287634348848,0.9474547457605951,0.9716959641279478
0.10379940467666136,0.9571868841110373,0.9750278308703626
0.13660321969742323,0.9380105926048508,0.9666476477557394
0.15120800525175945,0.9311711270977714,0.9570778225487365
0.19930237135782755,0.9077174771996537,0.9456013268459956
0.10533872904544572,0.9565534052154917,0.9741835259786974
0.1200220058796271,0.9485861611892602,0.9716991582241449
0.07455648030082435,0.9708464452854106,0.9843425689011785
0.10533951100546597,0.9562151377132801,0.9744925638237738
0.1992873270949805,0.9091468243192974,0.9461105737180988
0.13866126194402528,0.9378158239846937,0.9650756695078807
0.07455303255131222,0.9724299940581209,0.9862784017478724
0.12367694578069736,0.9465744947411348,0.9706729096837854
0.09192240872778253,0.9618222379743756,0.9766448218052709
0.10692752333462004,0.95504207813927,0.9740193594491703
0.1557777196264985,0.9297663381597948,0.9533617116618737
0.16795566400448972,0.9216068232719556,0.9491551463993048
0.19930108174100125,0.9078920598786936,0.9458796057565305
0.1085607795297948,0.9545336819991809,0.9752253878043535
0.15346755195835307,0.9276722178382608,0.9549832276455538
0.09192559031691337,0.961664882142466,0.9766666610650413
0.0756727849895508,0.9689639089245119,0.98318622230813
0.12182218197430233,0.9475080440033758,0.971634411875539
0.1557742495636022,0.9299593837509383,0.9534920141442892
0.06059562983493903,0.9841831138831096,0.996921146955886
0.07455740289434282,0.9706008345837173,0.9851453301516663
0.12182444468524485,0.9475837474140055,0.9714848833391876
0.12558766645620498,0.9456671340631696,0.9690332110761377
0.1534704599963618,0.9273413739767877,0.9552952295831292
0.09333482433200017,0.9609741667111605,0.9763680585896848
0.1581675999089732,0.9254952392241114,0.9510217565148721
0.07567356811820425,0.9694968126388838,0.9827739178082207
0.10856131555894499,0.9544868386876056,0.9738039044898206
0.09055523470612091,0.962393408057838,0.9766987778711372
0.07682293967378655,0.9682014795529735,0.98240054755299
0.15578209653644118,0.9291822383585856,0.9531006475400775
0.14299450273968548,0.9340504675135635,0.9624635259683937
0.21661806010676343,0.8940137153536416,0.9400221315262635
0.10856141117863977,0.9544423895855956,0.9739146871575569
0.13867302932318182,0.936440319877015,0.9645843354305396
0.10692493007909856,0.9554625508508778,0.9747176968493317
0.05969916407979322,0.9843010866582155,0.997265766762958
0.15816683711512552,0.925739099842416,0.9511514378482339
0.21660302604805554,0.8963403597841447,0.9403945997749715
0.06153934598806977,0.9832173948642569,0.9961735867190918
0.17572067343112024,0.9198039525361746,0.9485665827138864
0.1069257229681576,0.9554129775314327,0.9753200358577379
0.2053540300023934,0.9027890944012118,0.9438774937388882
0.14080036319134726,0.9350923162078522,0.9645577451498878
0.1255869135859088,0.9457410627436186,0.9694183994121061
0.07567308952797969,0.9687444878945384,0.9829695815282751
0.0780066112223393,0.9661471150929387,0.9802458984508057
0.15578746189472698,0.9260739827472912,0.952814951640347
0.1906326366876551,0.9146649450740937,0.9473834608814194
0.20535395229519324,0.9033166683223368,0.9439762535494812
0.09192701731241944,0.9616602882204348,0.9771076708732572
0.1452561414528085,0.9328014174042413,0.9604740863364577
0.14079371154452688,0.9366335217447013,0.9640305095200252
0.23074171243193467,0.8837542607109172,0.9351864962530261
0.12559438927976233,0.9463359762480691,0.96858075694465
0.15578491191973015,0.9264507976195562,0.9529178398742897
0.0768256704300585,0.9675518437824528,0.9807181400720442
0.14298966127874374,0.9352435952488529,0.9630882048146066
0.0919229322809001,0.9617984565538646,0.9762979448446206
0.07800581603130317,0.9667372510606692,0.9800240565645322
0.23074273720106786,0.884239412935779,0.9351712537084229
0.12958874471417572,0.9428576846864589,0.9685118523635003
0.1906342068893897,0.9141208178868097,0.9469726167247672
0.09629277721837211,0.9598118775071055,0.9763791585605931
0.09192194030467142,0.9621108980982916,0.977146074308131
0.1255867380802638,0.9457663559301737,0.9703272006020393
0.14299342476011384,0.9341943013815767,0.9625465988009912
0.09333428827160904,0.9609335670374234,0.9765890630467849
0.07800637044387201,0.9662720625882291,0.98014105781748
0.20535447227934928,0.9028668181128598,0.9436587801849703
0.12558701463396463,0.9455962382534742,0.9690563351262839
0.16062102448794693,0.924853669099891,0.9508767197580631
0.2198812553204346,0.8911386954110782,0.9379848749244325
0.19063505648726836,0.9134587690289802,0.9467335293522114
0.10856246961657258,0.9543228754566738,0.9743488271463606
0.1295902302240988,0.9429006126049752,0.9684470980132399
0.24458421771229635,0.878051639725564,0.9294932035939887
0.20851765720977816,0.9009548621267012,0.9435635906604979
0.09332165539131994,0.9612775896205912,0.9787779598463953
0.09628917064343588,0.9599254459428327,0.9765478041538391
0.12755759269730244,0.9440660145643986,0.9693163336016406
0.14299190850297408,0.934088387264097,0.9626356428601246
0.2198804207186721,0.8911608336465017,0.938014484299188
0.11198410184254773,0.9528501939917473,0.9737893507800592
0.06349971424464224,0.9821139916455909,0.99641758059712
0.12557614521792526,0.9458892098233784,0.9689657495460643
0.07800636789196976,0.9665254954081167,0.9806478693135847
0.20852373574646776,0.9000473791906021,0.9432449260585298
0.12558639895143311,0.9457757619397089,0.9697748396846351
0.14758379942791994,0.9332565986920246,0.9593708573446643
0.11024556347687392,0.9536623925557448,0.9743233917841712
0.14298727196427147,0.9352582927377743,0.9617987894201945
0.12755510683459312,0.9448966243885323,0.9693908060355837
0.07800670013743166,0.9665814121384786,0.9798940968890971
0.2085178163238885,0.9003753966330048,0.9438462525308384
0.14525590021672322,0.9334979689193206,0.960505903991973
0.19664827413441824,0.9098065713533373,0.9460618514231898
0.131679541148109,0.9427288021514794,0.9681566538829365
0.09332188935584279,0.9608543155528622,0.9771002897440249
0.1606217739240802,0.9243515461338518,0.9506716856971784
0.09783858242774365,0.9590783154428656,0.9758990163713004
0.2085198790659791,0.900695226963778,0.9436436238271807
0.14299550246997295,0.9338721509728092,0.9626811196346239
0.181303717223268,0.9175569691115762,0.9473848284233921
0.07800966741128547,0.9657986213941945,0.9789921185271082
0.09943616062970131,0.9585439594223429,0.9766479784044638
0.23417515799792665,0.881633096459268,0.9344689789522479
0.1452536183170458,0.9330135305197478,0.9609904635056052
0.17846700908262753,0.9187254008942896,0.9480722073047183
0.09627661407666643,0.9597141800303234,0.9768382151515301
0.061528091977562094,0.9840623554300783,0.9966854952119204
0.07800668822488854,0.9666084672457513,0.9801109612205766
0.14298692586587097,0.935608341311969,0.9628590936448139
0.1275470259169012,0.9455021096885006,0.9700227802618473
0.08178388460708583,0.9650556241042498,0.9785367166102196
0.14998489671108303,0.930264781303172,0.9574538023198078
0.06347937366893609,0.9824562311452232,0.995783224931294
0.16062227328879372,0.9245168008359939,0.9504206048219986
0.11754589694032891,0.9497306398559937,0.972518549983151
0.22323376822484772,0.8891488611923838,0.9378513822945505
0.21177862511979517,0.8981052796483988,0.9418710062286457
0.07800811024791615,0.9658575148979546,0.9796637541838228
0.11198372175368339,0.9531571952777866,0.9745735145536994
0.19977642618290292,0.9089548176110563,0.9454753987122632
0.14525664610125097,0.9327735444495205,0.9604846225618449
0.0962890635902231,0.9602512209903394,0.9765324985542726
0.17846774909621702,0.9187210239701846,0.9483812388905679
0.07800743158933295,0.9663443614873328,0.9799134411397182
0.06667818732309881,0.9806986063028915,0.9961878583706987
0.21178149261720566,0.8975603583952977,0.941514864406921
0.12754945629901407,0.9451560513993515,0.971241721698176
0.1119753297051962,0.9531769168185303,0.9734547481951199
0.20851756959580214,0.9009729291736379,0.9435362836093089
0.1631489535151918,0.923831143751161,0.9503454833653917
0.1712341951696723,0.9207951612149046,0.9488950395630916
0.22323891497862372,0.8894115412115171,0.9373045447059725
0.14525762702868383,0.9325115246616704,0.9602240927619041
0.1524558887511471,0.928595335817832,0.955860607232413
0.15500025689526742,0.9296892161881545,0.9546692832000924
0.14758694945005596,0.9318521370740326,0.9592448428537191
0.18130112757604763,0.9183340892916528,0.9478890138172865
0.05001217963101976,0.9885394306324137,0.9973405255153345
0.06450344719823553,0.9820953779902604,0.9962259976218562
0.21177919385738417,0.8982322277466436,0.9416141364049712
0.13840303687806815,0.9360768006628358,0.9655827190214755
0.0994377529706811,0.9584716917373634,0.9761260138120513
0.14525701939584024,0.9326239411211223,0.960429852879085
0.06777468187202604,0.9803916907640654,0.9933620783500509
0.11198965048252099,0.9524396649676198,0.9741269937637587
0.18422624840994847,0.9167881311369187,0.9473167279025039
0.11563266012292688,0.9503910246700566,0.9726072227427169
0.19664576789004126,0.9100897891732835,0.9463493294626831
0.09629099327179254,0.959833072998209,0.9762046219716176
0.06665840016777988,0.9820387004493885,0.9954374319432595
0.1499857057909255,0.930246407615667,0.9574189987549757
0.13168318628448647,0.9422745917330483,0.9686002882337892
0.21178151081665128,0.8978991809049747,0.9413310588289314
0.22669411719083898,0.8881122427777498,0.937015526829544
0.11198879424252163,0.9527021788659628,0.9746748774517717
0.09783746286332415,0.9593450173960246,0.9763450848715369
0.07922735727736682,0.96569328399403,0.9793105488667603
0.17411156303638847,0.9198939814062711,0.9486621010979083
0.1813033303245086,0.9175557484719833,0.9475343111494535
0.08594756393050404,0.9633183356814093,0.9770211349852841
0.1215536692156138,0.9480767918711731,0.9706053803759412
