f1,f2,f3,f4
42.7569177,3.58541649,10.6120339,0.0
19.8490283,4.20608892,12.1172723,8.75609145
33.84697,4.26548997,10.817954,0.265489974
23.7793603,4.35518833,11.5718351,2.09514633
24.5660625,4.24331415,11.6882275,0.243314149
38.5515118,4.09272691,10.6203842,0.0927269074
23.8721898,3.85320985,12.5960601,4.41287519
26.9232051,3.84684343,11.9443848,0.0
34.4848154,3.59113493,11.8219632,0.0
20.2540088,4.12026882,12.6440996,5.59882753
40.2893475,3.8815866,10.6201524,0.0
23.69515,3.87237055,12.4514948,2.03655766
33.8169207,3.83869643,11.0024142,0.0
27.8982188,3.86409806,11.6683141,0.0
33.5602332,4.12719001,10.9030942,0.127190009
29.3691505,3.82058105,11.6238712,0.0
41.2863844,3.73062388,10.6525274,0.0
31.7933048,3.67837133,11.9813334,1.72014232
30.2319001,3.72997728,11.9078352,0.0
24.470523,3.85365376,12.4708476,1.77885876
16.1003342,4.39146298,12.765152,8.76874936
37.2783767,3.71667888,10.9569543,0.0
35.257109,3.60444752,11.4498591,0.0257678007
34.4482047,3.98762155,10.9500546,0.0
23.6245868,4.35233359,11.5726834,1.73653994
27.1592001,3.86347506,11.7630475,0.341376169
18.9409868,4.12006051,12.7292208,6.77007342
25.9017021,3.89319129,11.8201568,1.91869044
20.82589,4.20739075,12.48606,2.74185353
25.2637828,4.22648884,11.6424579,0.226488842
34.6266145,3.80975739,11.0613792,0.0
36.2834163,3.58962488,11.2880877,0.0
42.2403835,3.58923529,10.7080125,0.0
26.4858924,4.11080128,11.4971848,0.110801281
32.4081523,3.59671208,12.3302539,0.0
31.0967793,3.71981443,11.8437255,0.0
23.698606,3.86674571,12.5037069,2.35870949
22.8640384,3.90700517,12.1872211,6.0170136
23.205988,4.17132471,12.1666839,0.238211134
24.0196656,3.96380015,12.5030927,0.0709087147
20.4924019,4.37577156,11.8706512,6.50882741
28.6026523,3.81521044,11.6583651,3.01720386
28.2531188,3.79949926,11.8758006,1.49148025
23.9495325,3.96820594,12.1626087,2.97025131
34.4889299,3.58752146,11.7433023,0.0518388447
22.1240857,4.0944404,11.8750827,7.27397206
20.2576791,4.02797691,12.662419,5.56761876
28.9143584,3.84589764,11.4393584,0.0
34.1128031,3.58897564,12.0127951,0.0
32.7873408,3.70180332,11.6221586,3.93833067
33.7779583,3.86661167,10.9919016,0.0
22.3845309,3.9118632,12.327769,6.80363131
20.0979685,4.0162054,12.7010112,6.00556986
21.7314051,4.08471354,12.5609397,2.17813276
35.7233075,3.62368736,11.3345362,0.0
33.4430446,3.63082655,11.7623842,0.0
30.7413141,3.6683925,12.4731855,2.1144478
31.7713737,3.68154533,11.8723973,0.617969179
22.8102725,4.0781453,11.82263,6.04440679
27.2626594,3.82537574,11.9991915,0.0
18.7014103,4.3776585,12.6200438,3.65797007
19.2615996,4.36743591,12.0226534,8.54813579
33.0381009,3.68843292,11.4676683,0.615958647
22.2345158,4.31365205,12.326166,0.313652053
22.9150596,3.88173667,12.6547197,3.15116736
26.385606,4.06937333,11.5198784,0.4952515
37.8349663,3.58540089,11.1227399,0.0
24.9344411,4.32525563,11.4518116,0.325255628
30.8703435,3.7048253,11.9041069,0.0
24.1021396,4.14482166,11.6931648,2.50461549
40.7573208,3.82801125,10.6224551,0.0
29.6460252,3.86847995,11.3749007,0.0
21.9909221,4.0184788,11.9309459,8.50973733
31.5157954,4.06329768,11.058693,0.0632976817
18.2730849,4.15703118,12.9854345,7.58428354
32.8842945,3.71293233,11.3683662,0.0
22.7974108,3.9679204,12.4897405,2.89686072
27.9035531,3.75523428,12.557212,0.165287755
30.4285003,3.67599568,12.6367716,2.0133314
18.8764241,4.38069766,12.7193186,3.36302901
32.4651891,3.58944617,12.4827013,0.0437877809
23.5940233,3.99773593,11.8648495,5.34902041
26.4461735,3.9175422,11.613254,2.07198333
19.680543,3.92728335,12.8061416,8.60795312
36.9596336,3.75426393,10.9769751,0.0
19.9381103,3.93031434,12.730602,8.40718823
26.3048404,4.06269261,11.565072,0.0626926071
26.2436215,3.81338151,12.6151262,0.275945582
27.621075,3.76074016,12.4693817,2.49241883
23.7456695,3.8810422,12.4744107,1.62732499
23.7812419,4.36313128,11.540353,1.21166339
32.464569,4.2641224,10.9202218,0.264122398
22.872469,3.92727257,11.9037807,8.39822807
25.8964919,3.87858096,11.8392408,2.30788163
32.815381,3.84972214,11.0879436,0.0
33.332735,3.67116832,11.435655,0.0
27.0420647,4.06874289,11.5054768,0.0687428905
24.3543106,4.00345071,11.8007244,4.22634703
33.7237317,4.02051606,10.9883053,0.0205160569
17.9648809,4.39078777,12.6190074,4.88014324
21.4513449,3.8988936,12.7105519,5.9365993
27.0877849,3.8592689,11.6738379,1.58357219
24.55307,3.95038169,12.3490704,0.0
19.4477838,4.34859082,12.5289334,2.69662101
34.0371477,3.70943183,11.3383489,0.0
20.5061739,4.12222575,12.1408177,8.49828132
20.4985243,4.3254231,11.9794625,5.90185959
23.0288384,4.33833319,11.6804908,2.12031837
24.7053163,4.17678298,11.6141836,2.21983947
29.2782359,4.3010165,11.0741116,0.301016497
23.4542632,3.91421725,11.9661664,7.83259603
23.9985328,4.32631506,11.5885458,0.326315056
25.8195789,4.05503427,11.6150606,2.1281754
23.6491652,3.89488581,12.4176778,2.1541027
33.6089281,3.75828699,11.2522485,0.0
30.2683905,3.68399827,12.2938836,0.0
22.0259211,3.97705848,12.1219345,7.93326495
31.3174425,4.32148429,10.9935419,0.321484292
41.2538113,3.63102457,10.690755,0.0
33.8756214,3.6123174,11.7934563,0.0
20.6470638,4.05458848,12.5847666,5.62507434
31.777534,3.64325936,12.2355147,0.714915445
35.4896311,3.68714544,11.2431876,1.73817459
20.3437108,4.34453335,12.3975361,2.23863766
24.6055261,4.04002834,11.8231535,2.44856846
24.770638,3.8500311,12.674013,2.05047307
20.2851004,4.07657933,12.6046788,5.45951564
37.7270957,4.10322989,10.7226686,0.103229895
26.0860973,4.17184455,11.4757422,0.171844547
23.0908211,3.91773368,11.9681861,7.49907991
28.585771,3.73477362,12.4088935,2.31352657
36.6047547,3.70117443,11.10435,0.0
24.2370705,3.91136914,12.4063275,0.191065029
19.3633437,4.11487398,12.7028787,6.33501738
26.4980976,3.89059573,11.9076702,0.0
27.6920738,4.06202829,11.4432341,0.0620282937
40.3254517,3.58632141,10.9566553,0.0
24.546433,3.84050887,12.789087,2.52648687
28.1904894,3.77778804,12.1243095,1.9428338
23.0614517,4.26533527,11.7808942,2.48856365
31.1783827,4.08803718,11.0722134,0.0880371819
26.9604232,3.77740672,12.6729039,2.0930408
18.7948302,4.29547916,12.2263682,8.43622116
20.6490475,3.92789789,12.6919438,6.81378711
23.6271398,4.08023581,12.3379338,0.0802358089
33.7175445,3.66804684,11.5838394,0.677560296
27.8923365,3.80339185,11.9722277,0.970703092
21.7271379,3.92968977,12.2273378,8.11105415
24.8666531,3.91457658,12.35423,0.0
17.4922371,4.39987238,12.4943947,8.0431077
18.066586,4.22075672,12.7345132,8.35941889
22.2752922,3.89043367,12.6130155,4.95491577
25.8957176,3.95652271,11.7367141,1.20715867
32.8944185,3.6975149,11.551153,2.71382911
32.051839,3.64655787,12.1672054,0.0
22.6563022,4.29782844,11.8445512,2.83521519
34.4168811,3.63912035,11.4532944,1.31169812
25.3241755,4.31269389,11.5192478,1.98656598
20.6597128,4.01737186,12.6518579,5.11093284
19.6594257,4.31089173,12.5551264,2.84774964
26.2252808,3.87100943,11.9844661,0.0
29.9260824,3.83904583,11.4081665,0.0
24.9067878,3.83686838,12.5590138,4.89292962
20.8637932,4.33540989,12.4173097,1.70618196
23.3095122,3.90613864,12.2732342,4.71850265
33.6003937,4.24299677,10.8577173,0.242996766
26.5202284,3.89176381,11.618357,1.86820031
34.9694917,3.78035315,11.0944492,0.0
20.3149985,4.04035326,12.4474824,8.79317106
24.6222044,3.85564603,12.693346,0.753426253
21.8271744,4.28744135,12.3392282,0.287441354
20.029469,4.31089173,12.5193708,2.57953142
26.0846112,3.98958863,11.9367763,0.0
26.5270194,3.86740778,11.7069997,3.94017485
28.6074646,3.73953587,12.5923495,0.229613103
37.2735395,3.60787233,11.1060481,0.0
35.2788391,3.68617199,11.3177373,1.68046636
29.7324812,3.74466484,11.9913393,1.35773506
21.6615613,3.90665086,12.7555474,5.31486339
18.6135771,4.36672035,12.3615207,7.8035853
23.883734,4.02775375,12.0805084,2.53402817
31.2161821,3.74432646,11.6027861,1.45651706
28.9313016,3.80864135,11.676603,4.00033055
25.5731933,3.85202072,12.3593885,0.0
25.9187393,3.80773024,12.7098912,2.14948121
29.0522767,3.76161425,12.0306271,1.57680324
18.6683971,4.15158102,12.9604286,7.19517332
23.4011803,3.98772365,12.3345087,2.29980717
20.7148015,4.34198094,12.3657364,1.10933452
42.0017511,3.62603664,10.6393525,0.0
29.9608049,3.77959479,11.6041394,2.54055039
20.0235429,4.35344131,11.9248605,7.95288357
37.7735087,3.81528532,10.8322184,0.0
29.7347027,3.6998482,12.2508928,0.0
37.4845849,3.63102241,11.0830122,0.0
23.8037414,3.86178774,12.7604433,2.46716241
31.5907339,3.63758165,12.2784652,0.43208933
29.8695495,3.69330859,12.6459768,1.8443904
25.4822706,4.03108461,11.7124608,1.9055151
35.4071762,3.61481683,11.3710105,0.260221295
28.0271786,3.86956801,11.5693335,0.0
20.7840692,3.9296617,12.7138982,6.15715446
21.5003648,4.05512815,12.0622009,8.19187841
19.2668397,4.40788483,12.0476967,6.60132824
20.849823,4.34683179,12.3992452,0.352138089
24.1033366,3.94685135,12.6611735,0.281642664
20.0615427,3.92175404,12.9389683,8.32400762
23.4356745,4.29252375,11.776271,1.36447728
23.2256152,3.97545452,12.3546791,2.06931994
25.6995264,3.814424,12.6971658,1.29244455
22.6873341,3.96189553,12.0945687,6.48473555
27.0441448,3.82229223,12.0670995,2.08750779
23.1331299,4.16316218,12.338361,0.163162177
18.974387,4.39917044,12.0979824,6.92425785
36.768657,3.63134121,11.1379975,0.0
29.2653063,3.74595582,12.0454883,0.669863204
39.6290709,3.90315126,10.6775926,0.0
19.0068654,4.4154522,11.9356051,8.68477896
34.419947,4.19207671,10.8236036,0.192076709
26.2085418,3.85430145,12.0177992,0.387454448
34.078206,3.64002645,11.5519019,1.36730756
22.6023514,3.90262948,12.3185514,5.25816879
23.2425014,4.03775749,11.8342618,5.37431892
21.6601129,4.03529327,12.0636843,8.02891354
23.597129,4.14216993,12.3013134,0.142169928
19.2854942,4.37525883,11.9690024,8.25133772
21.3885599,3.93757008,12.3583755,7.92622237
23.3432439,3.94271163,12.4470723,2.22307307
27.8915717,3.76381805,12.4127341,0.0
20.4506101,4.34065861,12.4058592,1.36363797
24.6845841,3.94292319,11.7489479,4.5241983
19.5776023,4.40846543,11.9516628,7.41349892
28.4702485,3.87237094,11.479882,0.0
25.6106048,4.30366213,11.4214456,0.303662126
33.440101,4.26938262,10.8810768,0.269382618
28.6925522,3.82540196,11.6174837,2.35006978
25.9114238,3.83970533,12.2752856,0.0
30.8100135,3.66361298,12.3749904,0.0
29.2443149,4.33956672,11.0480317,0.339566717
38.9641911,3.72705466,10.7882117,0.0
28.5097726,3.82956622,11.6336855,2.62473544
27.1962701,3.85521884,11.8357622,0.0
24.2460322,4.29494447,11.6595641,0.294944473
38.5031656,4.0532814,10.6598308,0.0532814043
31.9889323,3.66211697,12.0097,1.45405964
24.7401193,4.13758419,11.7321479,1.98387911
25.3360675,3.82235265,12.7433907,2.07845269
21.0796604,4.31649176,12.3952999,0.572175548
24.4348259,3.8454414,12.6191991,5.12978129
20.1495856,3.9209644,13.0154135,7.70972027
30.5729433,3.92863347,11.237338,0.0
25.638648,4.2460606,11.4814205,0.246060602
24.4092086,4.08577908,11.7645617,2.74847578
23.2974995,3.9174655,12.0043919,8.59576848
25.1360014,3.84838971,12.6392858,0.267893274
25.5366991,3.92262877,11.7924262,2.74974088
19.041336,4.1341066,12.7159495,7.28698667
24.6954028,3.86556154,12.646483,0.484689123
20.9068568,4.34446637,11.8880419,5.98221746
31.9269451,3.65376484,12.1346546,1.08088401
35.0613886,3.61151417,11.4245038,0.413085321
40.7526061,3.79520018,10.6535494,0.0
22.8066912,4.32885043,11.6570587,3.17115994
24.3889639,3.85184627,12.7531651,1.90474051
30.8733595,3.66107792,12.4835183,1.69247365
26.5185038,3.91878225,11.6124046,1.61806094
20.683056,4.06867841,12.6037499,4.76560897
24.0786707,4.17043308,11.6638211,2.18115898
24.1516192,4.02048058,11.773962,3.97691141
19.5540029,4.39276901,12.2319129,4.86262452
29.4920101,3.90064584,11.3971512,0.0
26.6386659,3.91446198,11.6055905,1.24379775
34.0900869,3.59058153,11.887766,0.030522999
20.6831952,4.24628805,12.6027414,2.18107945
38.4736234,3.58777749,11.0087496,0.0
37.387132,3.69826113,11.0048466,0.0
33.0209231,3.64761477,11.8448598,1.44434746
26.5943535,3.80877152,12.3184194,2.20345852
22.6288517,4.35675123,11.7458197,2.95407305
31.6415267,3.6266505,12.2602101,0.0
19.1944237,4.42078802,11.929216,8.382201
23.6458057,4.19076043,11.7140175,2.3553237
26.8718562,3.87942793,11.8269547,0.0
23.5219318,3.99152581,12.200222,2.42681425
18.406953,4.15077395,12.890517,7.2992955
30.6012537,3.71307401,12.104397,3.20322598
23.0465474,4.10846676,12.3380714,2.53433398
27.5095662,4.03604929,11.4443354,0.0360492889
25.3335553,4.00350654,11.6706135,2.53743985
31.5750133,3.70995104,11.7179006,0.0
31.7309379,3.90117829,11.1602516,0.0
41.0070692,3.64814226,10.7445752,0.0
33.5313573,3.62676026,11.7753293,0.754636658
21.6570039,4.34859211,12.2444381,0.348592112
27.7238899,4.12133662,11.3911911,0.121336619
23.8307325,3.9708796,12.4122261,0.166215462
34.281199,3.64972689,11.4595659,1.69661923
20.4193716,4.20429081,11.9895621,8.50423647
27.553489,3.84197005,11.8570474,5.18491652
25.9982817,3.8739965,11.8268966,6.16022998
24.9242983,3.87305928,12.0976281,2.48512925
27.8351699,3.79449702,12.0391643,2.30858783
22.0156074,3.92587534,12.3182547,7.28201848
32.8231502,3.8417094,11.1520405,0.0
21.9602362,4.13857138,12.0105986,6.08338177
26.7335218,3.89918305,11.6932535,1.28965927
36.6554665,3.65970597,11.1520778,0.585227511
24.6163428,4.31310594,11.5040863,0.507741272
29.9725036,3.78595559,11.6553941,0.163179346
30.3675378,3.76934554,11.5233272,1.03868941
28.4419346,3.81891852,11.8062737,0.0
27.5903259,3.82509075,12.0462701,2.30858783
24.3961816,3.91060152,11.8333259,5.56190497
24.1264812,4.03471653,11.8511244,4.04179461
28.7172333,3.77274502,12.0286201,1.83845628
21.0339143,4.1367797,12.032141,8.50602588
24.9825342,3.83307609,12.5417265,1.77012901
31.2614386,3.75353274,11.6435118,0.0
34.1191292,3.64339864,11.5651145,0.0
39.8351149,3.68669827,10.8006091,0.0
21.3585701,4.04881267,12.2348599,7.98531947
25.2741143,3.92798052,12.1342742,1.5136874
32.1317951,3.68669622,11.756078,0.0
23.8505884,3.89276139,12.1268569,6.05961938
19.5491946,4.37194185,12.1243467,6.17715897
20.4696427,3.92269662,12.731165,8.65829668
31.0597791,3.67177514,12.2565022,2.65317326
24.1140591,3.9305107,12.4741892,0.22124722
21.4787297,3.96908191,12.6746558,4.30890751
27.9812315,3.85314233,11.7563516,0.196270067
35.7556467,3.58785644,11.3985904,0.0667274131
23.2616351,3.87306771,12.5978595,3.12282968
19.9482053,4.39957737,11.8879664,6.18657038
25.3867853,3.82280748,12.6611008,2.51572484
31.3457403,3.74680487,11.528304,1.46271881
20.6803229,4.14259221,12.1088986,8.826792
32.7635193,3.64694475,11.8957246,1.59691751
24.6892861,4.15410823,11.6181597,1.37020406
31.9259112,3.71852772,11.5088978,0.0
21.0425951,3.98637857,12.6362398,5.06154944
21.3439163,4.11879161,12.5840154,2.39279517
33.334186,3.79868423,11.2221869,0.0
23.952573,3.86034646,12.5805267,4.92290582
24.7578203,4.03264506,11.8738061,1.23980235
24.8502569,4.02066654,11.8224037,2.72438901
34.8493788,3.82349496,10.9713338,0.0
27.1911194,3.86153415,11.5979534,1.32927433
20.2354995,3.93413941,12.6774745,8.01587766
24.3902959,3.88106952,12.3796781,2.04369502
20.1287157,4.14397649,12.251849,8.82745155
19.6028907,4.33742275,12.5985859,2.64645874
18.9074393,4.37946057,12.3108457,6.6468733
25.1284542,3.82494025,12.7693248,2.45184661
19.3223991,4.34084191,12.5521894,3.01801341
23.9681013,3.97092548,12.2067355,2.04282543
18.8859438,4.42420126,11.9062095,9.00107273
20.8895258,3.95898978,12.6435376,5.57960788
25.2140402,4.0870102,11.6099584,2.15852292
21.5754617,4.19394936,12.3927163,2.05691534
31.9616009,3.73860838,11.3796157,0.0
25.8896856,3.85155982,12.0636152,0.937599257
24.6808948,4.05212435,11.9985216,0.0521243545
36.2195519,3.74300031,11.0357392,0.0
31.7585858,3.68055625,11.9690141,0.836590264
33.3866592,3.82312384,11.1403751,0.0
25.2301388,3.88644241,12.1067004,1.82172529
29.5432878,3.73590834,12.2316888,0.0
38.0154343,3.77503141,10.8051278,0.0
26.4176076,3.99162831,11.5680566,1.3013346
19.6830797,4.31038552,12.7948007,3.05431532
19.5398463,4.14479847,12.4077455,8.76400989
23.1662294,3.99963623,12.4257026,2.16269921
36.432924,3.64578615,11.1771322,0.865175687
27.7180713,3.79314589,12.106596,2.40386582
18.4877263,4.40368054,12.3019299,6.22295651
16.8302536,4.35736434,12.7415936,7.8329482
25.5020369,3.90634108,12.3090113,0.0
27.1719076,3.87490143,11.575938,1.06810218
20.504746,4.30292903,12.4642203,1.71807558
17.8974797,4.23769081,12.7490417,7.72844064
32.4420606,3.70463136,11.4433107,0.0
23.2711713,4.34430475,11.6141003,1.90141061
25.253367,3.88565967,11.9148266,5.41411226
21.4304006,3.9245115,12.3773326,8.66001281
25.3937024,3.89238623,11.773176,3.76975353
27.0105498,3.86339262,11.6620452,2.19629563
32.6186925,3.64557119,11.9797185,1.31187567
19.7554681,4.1660191,12.3842458,8.04866675
26.9733099,3.79304287,12.3783606,0.0
20.1029824,4.1763232,12.1264925,8.84427599
28.2750805,4.34915192,11.1848728,0.349151917
28.1316543,3.75653225,12.3512515,0.282886993
23.2635024,3.87897773,12.5297097,3.03510526
20.240617,3.95096952,12.7459677,7.93266611
37.0841706,3.79512543,10.8943326,0.0
31.3312965,3.64466254,12.3048553,1.42108967
31.2581514,3.64604421,12.6161641,0.814426319
25.1683222,3.93168569,11.9300745,3.32148204
23.6088283,4.33031885,11.820799,0.33031885
20.8476562,4.17560968,12.0038179,8.77339628
18.5177216,4.21233826,12.68948,6.33228094
22.1890163,3.90151021,12.495303,4.90921952
21.9463288,4.33558708,12.0505267,2.13129817
25.1961952,3.89519288,12.0439614,1.79459219
22.9291405,3.95449551,11.9888735,7.56254777
24.0718711,4.31897602,11.6906486,0.318976021
23.3125364,3.86512477,12.9130316,5.48454877
17.7981814,4.37041985,12.6010703,6.25780723
24.8062375,3.84192553,12.7591374,2.18646386
22.5345777,3.95319522,12.096678,7.52246834
23.6301945,3.9104742,12.0101186,5.19291163
21.6219048,4.2947029,12.371747,1.86938792
26.0103378,3.9978973,11.6348907,1.84904187
22.1959156,4.29949081,11.9512658,2.36045681
31.5180921,3.6336147,12.5392325,0.114189129
25.1857221,3.9129947,11.9941696,1.60041557
28.3548231,3.95606031,11.4306673,0.0
28.6324534,3.73840035,12.3602607,1.73821468
21.8300216,4.05008287,11.9845527,7.90257249
24.9077438,3.84160638,12.7349577,1.70046183
29.6460642,3.8035089,11.514571,0.489602166
21.0429351,4.31039376,12.3959399,2.12448875
22.8489028,4.36944836,11.6177595,1.96986393
30.379837,3.67989325,12.6126725,2.29716304
18.1209252,4.39935629,12.3272087,7.10025142
23.9254026,3.93639135,12.2560653,2.96274924
23.6646935,3.87123098,12.6685971,1.93832466
30.2908218,3.68102106,12.5660281,1.91555473
23.2704029,3.93022971,12.4340007,2.85915996
20.4551453,3.96542083,12.6900001,7.57362205
19.6336916,4.32813534,12.5046906,2.87641208
17.162876,4.34934686,12.6602664,8.57108165
37.455033,3.90340133,10.8372887,0.0
26.1278795,3.85679965,12.0681844,0.625031422
23.5539277,4.33436324,11.6327638,0.624932229
28.8581821,3.81376772,11.5746762,1.58497853
34.5427848,3.64066613,11.4466639,0.838730768
19.2460331,4.39010311,11.9473864,8.8595356
20.7802999,4.21647904,12.5039801,3.41106615
32.9548625,3.64331353,11.8611099,1.13024315
30.66045,3.673178,12.3975855,2.53235522
23.7899306,4.00882685,11.9104539,4.88285132
19.6727705,3.92661814,13.0774561,8.97303262
19.8651093,4.11439142,12.3179634,8.62081683
32.1073041,3.6436726,12.0933255,1.54064433
28.5387134,3.81821676,11.7087748,4.25619613
35.3711962,3.67611243,11.2515853,1.03966178
24.5891158,3.84454275,12.6216483,6.16975696
28.473921,4.31550033,11.1470991,0.315500333
19.1584849,4.209649,12.6424331,5.78424645
25.3710702,3.85426819,12.2700399,0.236532364
28.2596411,3.8510374,11.5416042,0.662225029
29.1011517,3.71542606,12.2887264,0.0
27.7251788,4.00067798,11.4987963,0.00067798341
31.4924243,3.64059356,12.3121726,1.12418325
28.7172743,3.8066718,11.7592613,3.77796903
20.5140421,3.91696607,12.7814121,8.85450037
28.0497194,3.98090724,11.4300188,0.0
25.9456307,3.84387947,12.256831,5.17602528
30.9350569,3.72328808,11.7497735,0.0
41.6841439,3.61015489,10.7149666,0.0
22.888622,3.92189146,11.9858842,8.2578115
31.5352466,4.13097608,10.9977791,0.130976076
24.1071537,4.06479231,12.2968638,0.0647923051
27.6378765,3.76751762,12.3169945,0.0
25.5710804,3.84074686,12.4670312,0.0
24.5876823,3.89552119,12.1785744,2.45027397
23.2747016,4.21723243,11.8043397,3.41102831
26.7294137,4.14250601,11.4562112,0.142506014
19.7470679,3.96731865,12.824994,8.01804202
31.8246005,3.62605341,12.4595501,0.0
23.1926159,4.18735775,11.8032273,3.95752865
20.2026062,4.14835925,12.612456,4.60996146
37.733867,4.11592369,10.6623826,0.115923693
33.8302834,3.82269944,11.06603,0.0
20.4920398,4.25139257,12.0086929,8.04852381
32.175073,3.861089,11.1885101,0.0
22.7026239,4.31837454,12.234782,0.31837454
22.7753593,4.26980113,11.8067754,3.48667663
34.900061,3.65871729,11.3763827,1.26702112
24.0503275,3.99885606,11.809469,4.86979724
22.8118278,4.36971168,11.6097191,2.24680988
24.5918822,3.83792726,12.6992718,2.7393911
18.846362,4.40570479,12.1546889,6.62006705
19.4952888,4.32689165,12.6795899,2.96830191
24.3918614,3.93420744,12.5238522,0.0436466411
23.3967179,4.21231937,11.7555801,2.1248367
27.3674046,3.88500359,11.5759343,1.65382054
24.1319282,3.86598298,12.3540273,2.52390978
33.6476192,4.09375551,10.9144718,0.0937555125
22.1877584,4.3109886,12.0278549,1.78200223
23.3080113,3.8743189,12.7001783,2.75617125
25.9664906,3.83189262,12.5143977,0.111304036
21.979052,4.14717295,11.8630719,6.05032476
22.0740853,4.14533278,11.9325332,5.82959208
24.5452425,3.92672753,12.4123008,0.0
29.6254711,3.72948414,12.1149082,0.0
36.2163103,3.7405199,11.1178457,0.0
26.8101725,3.78037032,12.461646,1.8560628
21.0900928,4.1472462,11.95542,8.35446607
28.5635151,3.75360116,12.3474758,0.0
39.6963119,3.95727202,10.6191247,0.0
22.0516816,4.35373324,11.7326523,3.46025745
21.1308178,4.13727955,12.1063784,7.90769333
26.1152229,3.88456154,11.7105327,2.50827462
27.4309402,3.77128509,12.4828599,0.0
22.4340238,4.04622668,12.494916,2.41887727
24.5319034,4.14823492,11.6143091,2.18662282
21.2487722,4.12756655,11.9234055,8.12708479
23.4895973,4.02871082,11.8368268,5.00804521
33.3457294,3.59284374,12.1814123,0.0
33.9721468,3.65179058,11.5148884,1.02274022
36.3374317,3.62441292,11.2686772,0.0
18.7127039,4.12904378,12.6540242,8.24448967
21.1818804,4.36773474,12.0467633,2.96993266
19.5510998,4.35706165,12.4554575,2.97254238
30.2470059,3.73426939,11.9053083,0.621747172
23.1191144,3.96939962,12.4704058,1.66346747
33.8142211,3.66633653,11.4943293,2.23449996
19.2556459,4.36112532,12.8215655,3.20216199
31.8083713,3.64529468,12.1703368,1.60105706
23.249672,3.95043635,12.4159467,1.94798827
30.6137563,3.66741615,12.6693162,1.64182499
23.2514344,4.34187786,11.7511677,0.387558961
30.9125111,3.76500622,11.5317551,1.67024003
19.0797558,4.18997655,12.3953974,8.86588449
24.9176513,3.90448111,11.7844265,4.10694587
19.1716694,4.39919139,11.9775532,8.48711102
22.1015667,4.37325041,11.7389297,3.28716779
27.6600425,3.75642658,12.7091768,1.70548276
41.1298454,3.69529508,10.7146813,0.0
20.381167,4.27191713,12.5098543,2.52676784
27.9620137,3.83569719,11.7828991,5.47727739
19.7827951,4.36789312,11.8945636,8.86340778
29.6334454,3.81663266,11.4270046,0.0
22.4419866,4.36272957,11.7558758,2.30620818
30.67403,3.67203909,12.3697111,1.91471629
20.5921759,3.98409566,12.6523004,5.98470301
20.4276722,4.1953486,12.065408,8.37350414
23.7305882,4.10257366,12.2941671,0.10257366
24.7178512,3.84933117,12.4494222,2.11577638
20.4784678,3.92986914,12.5797208,8.56060419
26.7982638,3.94613027,11.5826933,1.71572697
20.8392109,4.19833059,11.8964815,8.25262581
22.2176695,4.24699891,12.3383823,0.24699891
19.3709015,4.33960251,12.7877685,3.72538834
24.3890903,3.85479993,12.4505373,1.463941
23.076905,3.89244882,12.3660369,4.00563445
23.8257823,3.91629962,11.8942888,6.07482753
30.3426748,3.77918877,11.7115386,0.783924593
35.7714675,3.81734345,10.9466945,0.0
19.7216923,4.38701148,12.0871414,7.12490066
30.9847399,4.12092893,11.0944166,0.120928933
19.4574077,4.39012319,11.8971227,7.95936744
21.4311205,3.92324913,12.5557799,7.78216803
22.8333732,4.26416466,12.1480106,0.26416466
22.7451742,4.33736162,11.7152014,2.54925588
20.7114826,3.97147402,12.6893608,6.29822943
35.0417215,3.61633439,11.6117402,0.0
19.5239256,4.09646573,12.7052153,6.01494611
24.615022,3.83912805,12.5936989,2.3749037
24.0476793,4.23441715,11.6109273,1.71667396
21.0093035,3.93581255,12.6706623,5.90280617
25.5074327,3.93226082,12.0584095,0.177943572
34.9442997,3.6172815,11.5236051,0.0
29.8812123,3.76030777,11.8503668,0.750584008
25.0401872,3.86504138,12.1492016,2.23239445
28.3186066,3.78800448,12.0155718,1.28525632
21.2812617,4.34792864,12.1194242,1.79497327
32.7487739,4.21148983,10.9127913,0.211489829
19.8407681,4.09259063,12.6606968,5.83337829
26.1629005,3.93735505,11.7953055,0.606776991
20.6457277,4.1530724,12.040942,8.74478847
23.6015648,3.91429879,11.8843317,7.38614751
21.025235,4.33996886,12.2013664,2.79805195
21.0781354,4.1530724,11.9190825,8.74496879
28.8461072,3.762769,11.9953388,0.991976035
25.3135635,3.82433777,12.5948475,5.02428488
24.8180406,4.09746025,11.7187528,1.67061114
24.7905379,3.87152756,12.2055074,2.55525481
25.5363648,4.13937455,11.7547759,0.139374553
24.6871927,3.89719086,11.7914922,5.28908968
32.2904833,3.60607884,12.2310216,0.0
28.2265738,3.81499975,11.7424675,3.3705001
18.5260969,4.37447122,12.25492,6.86558848
24.5486695,3.86561974,12.3238506,1.57315089
27.7633127,3.84166749,11.5972481,1.55263053
31.5959232,3.63440389,12.3304949,0.0
34.661718,3.62190232,11.4051894,0.0
31.3783989,3.67277835,12.1721757,2.54432258
24.2994074,3.95452612,12.1933128,2.55254802
18.9568184,4.15013388,12.7276091,6.44652407
23.9722722,4.01442478,11.7671852,5.06707171
28.5239129,3.76835554,12.1655925,2.67936753
31.1264266,3.75209717,11.5658256,2.12135884
22.1072035,3.925998,12.1199005,8.66037372
39.2749041,3.97474006,10.6788479,0.0
24.6168371,3.87967061,12.4385016,0.0217779775
27.1214637,3.78157669,12.5201614,1.29196572
20.0324315,4.3474323,12.4651261,2.59316596
20.0432815,3.9217669,12.7748056,8.16091426
32.1274851,3.62111597,12.2413913,0.277425082
22.186798,4.33329581,11.8708757,2.86422179
33.4162086,3.58525496,12.0628806,0.0
29.8315682,4.34240836,10.997542,0.342408359
31.2115924,4.34173742,10.9296739,0.341737424
32.2807911,4.32300978,10.8833364,0.32300978
27.1348589,3.94314094,11.5517048,0.0
29.9929225,4.03363061,11.2009381,0.03363061
32.3639059,3.7585392,11.2959038,0.0
33.9640098,3.77522246,11.1113068,0.0
22.6401599,4.36157833,11.761719,1.18719114
25.2640469,4.3453576,11.4017137,0.3453576
24.0257037,4.10909867,11.9918449,0.441711297
25.8443027,4.21140559,11.4496472,0.211405593
21.334949,4.368379,12.0214007,1.9169245
26.5655859,4.3431193,11.2835796,0.343119298
23.4828554,4.3192302,11.5790583,1.39406293
23.8945638,4.36186546,11.5159306,0.670542415
20.3613438,4.17791716,12.5584676,3.21223973
21.0742113,3.92584528,12.3958098,8.36835674
19.5982128,4.20860122,12.2406615,7.5120391
39.4389602,4.00031174,10.6106719,0.000311744953
33.1342359,4.29190415,10.847048,0.291904148
28.9713134,3.79263281,11.6923572,0.548708293
30.2531461,3.73678206,11.794178,0.258711101
29.5630004,3.69352299,12.3496496,0.0
24.3651947,3.85738893,12.4669418,0.74301091
25.9929906,3.80029088,12.5177325,2.68446412
28.1333651,3.740181,12.4460312,1.67592949
20.2078034,4.36129282,12.4520591,1.16690525
24.6442985,4.00575444,11.7095999,3.25339841
22.6221183,3.87870498,12.6301201,5.16317234
19.5183345,4.19630444,12.2030886,8.82970364
31.266333,3.82810108,11.2501925,0.0
30.3104592,3.73652098,11.7963854,0.804224921
22.6988711,4.02597035,12.5308276,1.16345125
26.0769825,3.80201654,12.4426342,1.03712577
20.207785,4.36127943,12.5217395,1.16634919
21.456489,4.13154294,12.5754706,1.93460274
25.4884486,3.81534936,12.4921111,1.87948883
29.5643797,3.69347949,12.4136606,0.24938121
20.5425838,4.35651061,12.428637,0.664659744
23.7942647,4.09439381,11.9291084,1.81759766
27.2985221,4.3099555,11.2387998,0.309955498
28.8915603,3.99677919,11.3239532,0.0
24.0485785,3.847578,12.6310496,4.05367912
22.6740568,3.87836816,12.6114551,4.02864668
19.2092713,4.40695252,12.0645481,6.10239217
27.2686665,3.76625792,12.4028443,0.799211916
26.3228925,3.80709565,12.3411857,0.0
24.0611364,3.84806165,12.5585653,3.37752687
19.5469656,4.20007338,12.2126144,8.46559479
28.9832293,3.79267942,11.6871986,0.991402542
27.1368083,4.34182327,11.2300326,0.341823275
28.1017895,3.74024487,12.5153243,0.9825243
21.5074979,4.12043373,12.506504,1.99025588
20.5718818,4.20404163,12.2169769,5.15435742
19.127287,4.13536032,12.6935633,5.90710523
19.7126431,4.22618474,12.2744354,6.42066958
18.362764,4.1080921,12.7777778,8.10278475
28.949418,3.79229307,11.7094365,1.3251312
23.7905438,4.09465977,11.9637814,1.51111939
21.5537247,4.14124958,12.4812581,1.65519264
22.4721623,3.90562158,12.3144764,5.93979512
24.4877191,3.99915252,11.7126423,3.73065162
22.7166953,3.88010548,12.5789911,3.48044134
19.049842,4.37783452,12.5970305,2.91770605
24.8033736,3.87101444,12.093635,3.0122943
27.2416173,3.76583489,12.4770622,1.67119934
19.5855481,4.20839726,12.2283309,7.81603014
18.3362859,4.09824364,12.7860854,8.37634142
27.2470998,3.76592686,12.4312177,1.24836078
21.9470465,4.17682751,12.146137,2.93432158
20.4511583,4.19223788,12.1848194,5.98846073
19.1942199,4.14523375,12.6803709,5.642145
28.7220305,3.7208427,12.3745819,0.591002318
21.8871026,4.16425673,12.1587623,3.17484699
22.3645433,3.90028888,12.6261549,3.41632819
24.0853798,3.8487159,12.5368194,2.96543389
21.4152331,4.26650544,12.450064,0.327021354
32.5745214,4.10961865,10.9522569,0.109618646
24.2941592,3.85524287,12.4628479,1.15869281
26.0247457,3.80089727,12.4562805,1.66694691
27.9814921,3.84134212,11.6066348,0.0
19.74308,4.36790087,12.4849604,1.86276527
26.9357241,3.93145688,11.5492814,0.662310618
27.2596047,3.7661374,12.5020976,0.969034699
24.0563329,3.8478457,12.6526545,3.53705745
18.3597525,4.42712078,12.006387,9.13211559
18.2881729,4.08938686,12.8501584,8.72362045
29.0300455,3.79331819,11.6922042,0.0
27.8500601,3.83792826,11.5979729,1.9085366
22.4919818,3.90676352,12.2756749,5.59690621
24.7224463,4.00965634,11.7146816,2.94834953
20.5062772,4.19583561,12.1950493,5.66055803
19.6412769,4.2147581,12.2426069,7.16606405
20.4225543,4.18540811,12.1711078,6.38897046
20.8175854,3.90962704,12.7606602,6.04359325
19.5680463,4.20467993,12.2213759,8.13153584
23.9201278,4.10151058,11.9551502,1.14123764
26.006753,3.80038544,12.4777706,2.08666221
26.2868256,3.80758899,12.3262455,0.700734727
21.2924332,4.28914775,12.4045829,0.319300523
27.2890341,3.76659471,12.3996308,0.521506276
28.7263841,3.72097632,12.3674833,0.144679504
25.4629577,3.81485061,12.4943144,2.25617688
24.3981594,3.85842421,12.5295442,0.563610965
24.1846407,3.85182336,12.5833376,1.91998733
33.303872,3.58525413,12.0353371,0.327197156
25.9963363,3.80028622,12.5432835,2.3440646
20.8055359,3.90935487,12.7674373,6.51103884
22.6505806,3.87734128,12.6222176,4.57205415
26.0181216,3.80078058,12.596611,1.74647547
27.8263362,3.8382156,11.6054958,1.2209652
24.0509694,3.8477183,12.5685394,3.73445991
24.1071036,3.84939999,12.543851,2.67196632
26.2835338,3.80619095,12.3317049,1.39484983
19.1712596,4.14739578,12.7664441,5.64883125
26.2494321,3.80592758,12.3473796,1.11400787
21.0591036,4.39355042,11.7320453,4.61511844
28.1010379,3.74029717,12.4035379,1.04008093
18.4435759,4.11755128,12.763737,7.61885192
20.5412073,4.35653944,12.5149541,0.667020382
24.2516724,3.85391207,12.5554081,1.427597
28.1273278,3.74070734,12.4252826,0.151117079
25.4444422,3.81441503,12.5251191,3.09148289
19.7412466,4.36792231,12.5636528,1.86563
20.36188,4.17797126,12.6363269,3.21055934
19.1167649,4.1329951,12.7760686,5.94999526
24.1997605,4.11736337,11.9983923,0.11736337
28.1024561,3.74036931,12.430364,0.744058266
17.9383495,4.13292299,12.7961624,8.76552412
18.2975151,4.34691485,12.6449019,4.59499178
26.8093206,3.86873806,11.6002079,1.581931
20.0359147,4.40809165,11.8093831,6.23846098
27.5004007,3.85889509,11.5478977,0.556189884
26.3452313,3.79808122,12.3960514,0.32671531
23.6951158,3.97891457,12.6540337,0.355503
22.5242361,4.244166,11.7930569,3.64845543
32.0794698,3.65715908,12.032441,2.12465122
20.2295623,3.91815519,12.7703992,6.97770188
22.40785,4.00496791,12.3321821,3.49965432
31.9910718,4.04476909,11.001174,0.0447690943
24.3510172,3.88437077,12.0699161,3.23748332
17.6201807,4.42657399,12.2331522,8.96793045
17.8562626,4.39032201,12.7291139,4.80420886
23.6234572,3.88734528,12.2331217,3.55396643
29.9625789,4.29579391,11.0018439,0.295793908
23.8426442,3.91098987,11.8247674,6.13834323
21.5994031,3.97606606,12.5908326,3.68550028
24.1128955,3.88726359,12.0962705,3.54133515
20.8615887,4.35769835,12.3128226,0.787912432
24.9593145,3.89508527,11.7402427,4.37957903
23.2460844,4.35863827,11.6210501,0.888323874
23.5038449,3.91572522,12.4746459,1.26972914
21.2181892,4.38800125,11.7668557,4.01869029
22.7794524,3.99639471,12.246399,3.56237495
22.8557183,3.88325715,12.4897223,3.97600318
18.0193275,4.37751786,12.8893946,5.00856335
20.6706683,4.3870969,11.9367342,3.91426485
22.7254431,3.98339701,12.3622461,3.26878331
22.4430721,4.21365412,11.8490871,3.60765006
22.1624407,4.18600198,12.3886818,0.194238189
27.6820727,3.78555593,12.2701507,3.22413169
31.7766936,3.66385368,12.0859294,2.39969674
18.7000591,4.31388977,12.6086318,4.32835911
20.93813,4.38636079,11.8707839,3.83838569
25.7845715,3.87513415,11.8418034,6.42937274
23.0803468,4.04888754,11.8449726,7.56000226
22.4797333,4.20380871,12.2547513,0.205668471
18.1110973,4.42724592,12.0759929,9.13688812
22.3308161,4.09281302,12.4483103,0.948233001
26.0791128,3.89947879,11.9745365,0.0
20.3917467,4.21518831,11.9111813,8.85386662
23.7733168,3.94338281,12.4822631,0.446420512
22.8445594,4.22801461,11.746068,3.45275973
23.976586,3.88371164,12.4625422,0.907773887
20.6447098,4.18364767,11.911181,8.82153598
18.5120667,4.34021289,12.6048914,4.31347487
24.0440876,3.90812074,11.8095193,5.79915073
17.9633736,4.40710373,12.1640208,9.10756718
18.4779887,4.33116351,12.7035278,4.50151544
25.9326224,3.88122257,11.6665697,2.90300221
24.6775086,3.88085714,12.0285679,2.86420965
19.3761638,4.2416384,12.587597,4.19245174
23.8233985,3.85413682,12.8478911,3.59293897
30.0781176,3.72545053,12.0172759,0.0
21.3596162,3.92695348,12.2991629,8.64651449
19.8613666,4.41058104,11.8225937,6.53967455
23.0210354,4.35780601,11.6971553,0.800977751
25.7428554,3.88392539,11.6809338,3.19013339
17.9525554,4.3919189,12.7932395,4.73559771
22.343316,4.37523091,11.6347261,2.64301321
26.6228116,3.7935507,12.5635165,5.41701667
24.6655307,3.89592607,11.8114172,4.46944716
17.8456941,4.14491365,13.0503769,9.05319138
17.3188103,4.42408466,12.3086633,9.12835055
20.4028884,4.3895572,11.9764251,4.17915605
22.9481975,4.36036854,11.6618878,1.22624566
23.8351459,3.93913495,12.6013952,0.519957484
22.6169092,4.21603533,11.8419871,3.33206396
25.5937907,3.97441181,11.6320753,2.2245935
29.0267325,3.71112077,12.6432005,0.314484841
24.6504898,3.88446632,11.9834203,3.2476417
22.8246692,4.03449953,11.8509028,7.28391388
18.2256585,4.3674306,12.6208138,4.46906582
23.7996412,3.96015582,12.6056959,0.339972346
21.6519675,3.92724589,12.2093655,8.63803842
21.9834553,4.14131845,12.4447546,0.927108395
21.0804644,4.3553708,12.2841207,0.545800404
23.4067369,4.35363401,11.6486438,0.361824574
23.3070298,3.88723382,12.3356923,3.55968416
20.197677,3.91853809,12.8593773,7.03266648
18.2360266,4.35826069,12.7359363,4.57593845
26.0235863,3.85032127,12.0732347,0.0
19.8298977,4.13809059,12.2789338,8.30457289
21.4703682,3.98327789,12.5787315,3.991056
20.3577379,4.10388291,12.6089562,4.16588575
23.0392802,4.06612587,12.4063538,0.103990221
19.3386457,4.15819422,12.6583027,5.22941414
17.0490688,4.42070005,12.4482057,8.29969092
26.4276499,3.85571866,11.9000172,0.235922177
34.8357922,4.22062239,10.7811484,0.220622389
19.9561155,4.39149684,12.0567564,4.55170975
20.9945862,4.24256583,11.8437722,6.86693445
21.6488407,3.9106469,12.6301508,4.54522325
27.5925559,4.15550013,11.3323884,0.155500134
26.6542474,3.88668016,11.7622877,0.248586487
34.5395718,4.15520054,10.8301702,0.155200538
24.8250459,4.06694388,11.9005797,0.0669438831
35.5674827,3.66680023,11.1678804,0.0
21.7560203,4.22824575,12.0334375,3.39681341
23.2149248,4.29139766,11.8475707,0.291397662
24.1552276,3.99667042,12.2531852,0.0
22.1594858,4.22898175,11.7709947,4.66755663
17.5930542,4.17770686,12.7931889,8.80217232
30.0358446,3.78106283,11.4930739,0.0
24.7234871,3.85566711,12.4056545,0.040006621
40.3572377,3.66680023,10.7217335,0.0
23.4280283,4.14219777,11.712607,3.6566613
25.6397892,4.09061891,11.5625909,0.535899856
23.8120272,3.90678287,11.9240823,5.51566558
24.466569,4.13223932,11.8813234,0.132239318
32.7008495,3.93588133,11.0174569,0.0
25.4220308,3.8807273,11.9650492,1.76399896
20.7260003,4.11305528,12.5369877,3.73629112
23.4466046,4.0174357,12.4045074,0.0193093134
18.4548246,4.22891053,12.6915635,5.84576399
19.4267607,4.41596984,11.8587019,7.30522738
16.3441694,4.41596985,12.7346002,7.30539146
23.1941038,4.06868579,11.7723606,5.0897592
20.1566388,4.11400768,12.3383979,6.95621249
20.2510735,4.37711264,12.132837,3.43695637
30.5870149,3.84175042,11.2819719,0.0
37.9703727,3.67563323,10.9374976,0.0
20.9754776,4.19941489,12.4895873,1.90845216
24.0976456,4.27187397,11.5914533,0.679388783
23.6295796,3.9566586,12.4272541,0.620151254
19.786386,3.97200707,12.7611441,7.1340731
28.9930992,4.2094413,11.1563283,0.209441304
19.75218,4.3450603,11.9274158,7.32352759
35.9664104,3.64208466,11.1791205,0.0
25.403344,3.86526138,12.1117683,0.708535805
23.09879,4.33931089,11.6475256,1.37166257
17.9872837,4.41775851,12.249513,7.42343146
22.1263339,4.3547883,11.9820278,0.599651142
35.8582066,3.75886952,10.9703567,0.0
31.5178283,3.84179471,11.195595,0.0
22.2131301,4.15380202,12.4165279,0.389094653
24.7800492,4.15738693,11.6973163,0.236695632
20.3870448,4.07209474,12.3238325,7.48815078
19.7147737,4.38836243,12.1662698,4.25329149
22.2011801,3.99845648,12.5173521,2.52181183
20.2549505,4.36105043,11.9476435,5.33683645
19.3854272,4.37274435,12.5089903,2.40943541
24.656686,3.93621463,12.0202414,1.95227052
24.7008304,3.89887592,11.7597495,4.77187537
22.5075251,4.33322418,11.9579726,0.333224184
30.692792,4.14596005,11.0476641,0.145960048
32.083487,4.29560948,10.910143,0.295609477
17.6024636,4.41882066,12.3241607,7.90455954
30.7978864,3.76629072,11.4257542,0.0
19.9505627,4.21881451,12.2799167,5.87437518
21.44061,4.21875251,11.8277075,6.14954362
22.5627963,4.18183943,12.0826677,1.88905444
20.8317637,4.18554692,12.5111929,2.32928861
41.308278,3.58700628,10.745259,0.0
22.826351,3.92468,11.9303104,7.90646182
16.5310588,4.4107423,12.7254171,6.96016202
26.5817474,4.30600668,11.3091733,0.306006681
24.4637499,4.17500548,11.6531704,1.07829815
17.8409405,4.40512276,12.2603568,8.24583681
22.8150138,4.07144643,11.8122419,5.62669288
21.7557567,4.37439793,11.793417,2.73046764
24.8583945,4.21719947,11.5296929,0.372351429
21.6838139,3.93691556,12.2847621,7.09487757
21.5416647,4.05703404,11.9700619,8.36915933
21.0246792,3.91192012,12.6836853,5.56420397
22.0767264,4.05900067,11.8974117,7.08074347
34.2935077,4.04916732,10.8946703,0.0491673185
39.6749818,3.60402402,10.8734645,0.0
24.9035045,3.91021644,11.9756403,2.27155149
32.4396484,3.97801133,11.0111397,0.0
20.933256,4.23649258,11.9622804,5.87970205
20.6134529,4.3947622,11.8202282,4.9273187
23.2670097,4.21272548,11.9441756,0.790676477
25.7274154,4.02167854,11.7129689,0.306858541
24.4327846,4.18603372,11.7063217,0.474874378
32.574821,3.60611019,12.0999451,0.0
26.9015382,3.89748371,11.6700611,0.288840658
17.5231941,4.41479468,12.3335188,8.19067815
20.6839949,4.03772196,12.6255353,4.47505171
17.0756443,4.25230077,12.7858545,8.70439331
29.0268022,3.97174712,11.3322508,0.0
18.086666,4.18785038,12.7397189,7.1885413
26.9459875,3.87785118,11.6582297,0.592793569
21.8981468,3.92711961,12.2865434,6.7364033
23.0640053,4.14313078,12.0680687,1.48797118
23.9093409,4.057968,11.7896821,3.79205639
19.0229534,4.2259762,12.6504628,4.97928418
22.9751571,3.91417797,12.5177332,2.27969751
23.2610844,4.12913185,12.1915823,0.283577161
24.7033044,4.01383053,12.0281258,0.246742952
38.1255689,3.8501156,10.76512,0.0
29.5822695,3.74740734,11.9022903,0.0
30.9167404,3.64770125,12.273754,0.0
25.8922749,3.94094549,11.7081257,1.63875832
20.1810668,4.23587792,12.0694159,6.97718212
28.6860408,4.06660614,11.293825,0.0666061367
22.5796747,4.14043723,12.3914309,0.140437228
34.6424475,3.68823376,11.2253625,0.0
22.8104434,4.30538247,11.9281745,0.313504965
36.7084917,3.98314645,10.7830946,0.0
18.6820203,4.37213805,12.355124,5.47634503
25.3255973,4.14103779,11.6036456,0.162673491
20.9648743,4.17035404,11.9020776,8.08865075
21.7398357,4.04256789,12.5346732,2.66790238
21.6999636,4.10884248,11.9034685,7.01147873
24.6208008,3.96119215,12.2114215,0.00740130746
18.7963275,4.23783539,12.4483403,7.15371454
33.2050418,3.60008392,11.9639749,0.0543282604
18.4816586,4.406369,12.2360577,6.42197687
22.4701893,4.19643051,12.195675,1.13104822
19.47684,4.21038895,12.611269,4.32027096
16.0896927,4.41969807,12.7571573,7.77469907
27.1113648,3.8667409,11.6116172,0.806243891
20.2815221,4.40069552,11.8348193,5.51896078
24.5354806,4.10352777,11.8952376,0.15971366
31.8304997,3.66660655,11.8597753,0.0
22.52664,4.19866644,11.9422788,3.07948531
20.3589507,4.04556465,12.6482811,4.91336806
19.3536906,3.97664081,12.7802426,8.24063322
24.3124498,3.90307068,12.1172288,2.56813802
20.0556794,3.97013397,12.7261773,6.52301598
22.7344096,4.14745584,11.7788401,4.96310832
20.7715093,4.2892099,12.4458392,1.14456447
22.8738554,3.9424823,12.1645146,5.21172883
19.7133986,4.39182938,11.8483913,7.09498801
19.9835879,4.27026268,11.9991848,7.67057248
16.0026283,4.41473315,12.7731312,8.25341842
23.7841299,4.27978094,11.6761689,0.576690134
20.6391485,4.08590086,12.1819262,8.20048731
22.2161752,4.30914686,11.6995098,3.9133475
18.5577551,4.07520644,12.7827155,8.25828658
21.1676255,4.08613862,12.0186252,8.3250532
30.5920937,4.22162435,11.0062773,0.221624351
37.0340671,3.58545569,11.1799498,0.0
21.9264204,4.18326365,12.4222618,0.532511436
28.07672,3.76016305,12.2373202,0.0
25.8779039,4.09737653,11.5314513,0.0987161756
24.8071886,4.0295207,11.7008933,2.56935298
27.450218,4.26511428,11.2601416,0.265114281
37.8794352,3.63413273,10.9982083,0.0
24.038333,3.89544791,12.4336536,0.681267577
34.6902461,3.79296435,11.0065214,0.0
35.5195677,3.70417709,11.1192184,0.0
25.4659578,3.90712046,11.7122572,3.14867191
33.7042711,3.58535915,11.9294768,0.289711307
26.3779678,3.89552363,11.8334262,0.135399892
31.7846236,3.96965405,11.0755447,0.0
25.8235072,4.05277031,11.563381,0.772093039
21.4764906,4.12497987,11.8851417,7.80799094
18.4638462,4.40202337,12.3023195,5.92210085
17.1803496,4.40301655,12.6721518,5.86004517
21.7507479,4.06022268,12.5180327,2.35995332
23.4983337,3.9069704,12.2723891,3.1486972
17.8399983,4.42358779,12.2011019,8.53114552
35.3177506,3.77624428,10.9907717,0.0
21.3711936,3.92898248,12.642477,4.73486006
20.8444159,4.37443249,12.1060033,2.47805381
23.441942,3.91537583,12.0710511,4.8568281
24.0531393,4.05581902,12.132063,0.162819476
25.2798062,3.88134986,11.8839544,2.65225767
23.9507271,4.10428817,11.7023038,3.19625093
21.9804352,3.94777599,12.1749441,7.14077024
29.1852262,4.15211484,11.1811803,0.152114837
35.8711909,4.02836052,10.810364,0.0283605151
23.3294118,3.9090581,12.4894814,1.74529456
30.4138935,3.69398571,12.1075302,0.0
23.8952101,3.93762011,11.8204068,5.47264309
20.6168033,4.24175977,11.8915053,7.30699543
26.8240645,3.9846897,11.5195171,9.33525997e-05
40.5416771,3.58526825,10.8173447,0.0
23.7704222,4.07431736,11.7290862,4.22608194
17.6804034,4.24164575,12.7419169,7.15753116
19.2214033,4.41866774,11.8738501,7.72024366
22.6607719,3.91870185,12.5394069,2.66030234
23.0496361,4.08837893,11.8824751,4.24047997
20.253228,4.38027364,11.8123402,6.19170491
20.3381376,4.39278193,11.937166,4.62945643
26.7331749,3.90068661,11.7370012,0.0
23.1987343,3.91592268,12.0285229,5.84014762
16.9933942,4.40605732,12.6898757,6.13035547
18.4143146,4.24926266,12.4242723,8.47244174
40.0378536,3.80597574,10.6782891,0.0
23.0386316,4.20139951,11.8095037,2.67502608
24.8778441,3.85849324,12.324535,0.300535553
23.3667361,4.19963309,12.0260033,0.422380861
25.4324238,3.86628432,12.0374154,1.24313614
19.4836585,4.4059154,11.9725828,6.22977065
37.117641,3.76577026,10.8743855,0.0
19.2997683,4.18713745,12.3850671,7.44275657
19.9251106,4.36514014,12.4671968,1.59660008
29.6987905,4.08361878,11.1900059,0.0836187843
29.6729712,3.93509754,11.2984847,0.0
24.4009918,3.97251659,12.0678811,1.41586811
22.5053659,3.96411174,12.5215929,2.3226965
25.7331196,4.08255153,11.5895798,0.228395478
24.1470724,4.14983041,11.7615225,1.37851554
19.787062,3.94799633,12.7759173,7.59862788
28.4576423,4.01559261,11.3532998,0.0155926149
25.8507001,3.9612292,11.7489332,0.850570663
19.24224,4.15058267,12.4157575,8.32998493
21.5316387,4.1423954,11.9076356,6.73138162
21.2706563,3.94208999,12.3638056,7.54701385
23.2836528,3.92096675,12.2157221,3.89055121
28.0392673,4.27656375,11.1976751,0.276563746
30.547485,3.75755258,11.5391351,0.0652386927
18.0847643,4.33785818,12.6494219,5.29460719
20.6531211,4.00989851,12.3815603,7.55837308
17.0171635,4.27269619,12.7779053,8.34064417
21.6857664,4.21715395,12.145963,2.98980419
22.7896319,4.3657677,11.6454637,1.65595125
23.3088703,4.18858752,12.0543471,0.188587522
24.3522831,4.07930852,12.0068413,0.0793085232
17.2252484,4.42005559,12.3868659,8.4840308
38.7235381,3.62864086,10.9270844,0.0
24.1054652,3.90098527,11.8981006,5.00244495
30.3347613,4.24916498,11.002094,0.249164977
21.9570935,4.2171472,12.3629924,0.298550065
22.3336344,3.97489956,11.9107239,8.59876604
21.0312934,4.18738307,11.8802077,7.69718075
21.3005945,4.25497573,11.8208222,6.04213145
28.4573056,3.78058635,11.9475761,0.0
21.5725816,4.04321403,12.1483013,6.37689481
22.4810427,4.18120516,11.7791062,4.71451421
26.2241498,4.0228704,11.5457101,0.557458495
36.2311391,3.82545187,10.8854545,0.0
24.1831182,4.06964951,11.7281409,3.03353816
32.9779378,3.80128892,11.1474919,0.0
24.2731674,3.99546009,12.1851101,0.297667866
23.049109,3.93416516,11.8804034,7.54496674
33.350237,3.63916058,11.643329,0.0
38.1150249,3.70735625,10.8738436,0.0
30.9011567,3.99846185,11.1364218,0.0
20.5360442,4.27689364,12.0997894,4.89810049
17.330881,4.41677356,12.4006691,8.09130194
19.71013,4.21652944,12.5823736,3.88225667
22.6588674,3.98643382,12.4767344,1.905747
20.3400688,4.39202501,11.799272,5.84619799
21.1904254,4.31805418,12.0771508,2.71866089
27.2557901,3.8829399,11.6146542,0.11827281
23.1558396,3.92261378,11.9209754,6.85107944
22.4117669,4.07195942,11.8934127,6.10297036
23.8439742,4.17049793,11.6509923,2.65221265
25.3025812,3.91146729,11.7079646,3.49793397
30.0530596,4.13886545,11.1105928,0.138865447
18.7514591,4.08751129,12.7694163,7.6687853
18.7653604,4.12352823,12.5895846,8.65161432
21.639636,4.37342769,11.7016719,3.82028745
20.7738268,4.36881772,12.0803191,2.76595116
20.8517727,4.07142105,12.5886597,3.73714828
28.0609971,4.12461345,11.3068921,0.124613455
19.7389346,4.02235132,12.7029031,6.5420841
21.9704489,4.18960622,11.8235088,5.50233299
27.8670999,3.79857857,11.9855051,0.0108005247
25.1195041,4.0735242,11.7870176,0.195010835
20.4591241,4.14491211,12.5702894,3.48629695
21.9527595,4.27861602,11.735758,4.57651562
24.2385092,3.99055523,11.7373705,4.33801349
17.9597909,4.18833526,12.7577571,7.55289118
20.5056527,3.99127585,12.6685882,5.40266525
24.550322,4.23104562,11.6018303,0.308300708
16.13854,4.42522761,12.6516158,8.97764473
25.2554234,3.87200253,12.0364219,1.56537941
21.5988388,4.21604273,11.8773404,5.34462569
21.2406564,4.11858253,11.9966132,7.180927
20.8109853,4.33996245,12.0912693,3.21055669
22.7190083,4.10829427,12.4025805,0.144676119
22.308965,4.04831883,12.4718654,1.61325021
22.1020648,3.93925855,12.5731091,3.33566897
33.9750717,3.65025772,11.377421,0.0
19.9253977,4.16615691,12.6062485,4.25758074
23.880569,3.94192174,12.4159727,0.317329983
23.6810143,4.06837518,12.0363863,1.63330656
17.6791977,4.20659174,12.771139,8.01107734
27.6261745,4.20352156,11.2887957,0.203521559
38.2491631,4.01790851,10.6732615,0.0179085059
42.7680062,3.5852501,10.6106444,0.0
22.3828945,4.05321715,11.9414992,5.96165809
20.6129095,4.37919868,12.1521803,2.7934063
26.7211324,3.8926517,11.5923894,1.41779593
23.860506,4.07592719,11.7285197,3.69687803
17.6528693,4.18478938,12.7848544,8.44424712
19.6548829,4.41304698,11.8396714,6.89402551
24.2995573,3.92504656,11.7808165,5.11491541
24.4205254,3.8985404,12.1404414,2.18899688
23.0487179,4.36540383,11.5822613,1.60782393
17.8264318,4.17343723,12.7779284,8.190714
26.4595789,4.0318997,11.5288311,0.0318997022
24.207431,4.15913969,11.8680069,0.159139687
38.926867,3.861774,10.7108727,0.0
20.9194987,4.20663499,12.1092198,5.19190343
26.3063686,4.02034335,11.5915708,0.0259340619
20.0924903,4.2263184,12.547823,3.07081922
27.8048237,3.78327132,12.1140815,0.000305955029
28.1070476,4.23597779,11.219088,0.235977789
30.874386,3.67729066,12.0509642,0.0
19.0256336,4.3991223,12.2739111,5.12365163
22.4326763,4.16180676,11.7772762,5.2617546
28.9443289,3.77162506,11.8825624,0.0
25.6768554,4.12673674,11.5206598,0.17449238
21.1048473,4.0829967,12.1762354,6.55479607
23.6218191,3.95132862,11.818993,5.94589062
19.479302,4.40129298,12.0666488,5.47063602
22.1125747,4.08010529,12.0624469,5.0252699
22.318548,3.92651741,12.0473502,8.29059818
24.5806541,4.15096781,11.7712606,0.209168651
22.5447221,4.02081861,12.3201569,2.96127227
22.2996686,4.0172182,12.5006245,1.97852397
25.6849523,3.85236328,12.1644594,0.0
22.7634684,4.18462534,11.7438758,4.22312173
22.5704465,4.07867176,11.9393842,5.02306661
20.5879148,4.32890113,12.4319715,0.965068123
22.8331024,4.35352429,11.812775,0.354664469
23.5352395,4.17610077,11.6793581,3.0488105
18.0311131,4.22781846,12.7217799,6.69754288
23.1613687,4.24636291,11.6751055,2.70254939
25.892875,3.87827903,11.9909422,0.362294732
25.1900577,3.90870581,11.8012486,3.02500655
21.7176017,4.18479805,12.0686464,3.98223588
29.0450778,3.77587434,11.816154,0.00622147815
37.7682999,3.89507237,10.763237,0.0
25.3527018,4.02182664,11.8636745,0.0521298775
20.2831921,4.2355672,12.5222384,2.65055736
21.0016782,4.19699204,11.9194344,6.93483805
22.419429,4.23449451,11.9306126,2.53766309
30.4694693,4.06990726,11.1248817,0.0699072602
19.9869799,4.07886513,12.6577435,5.12293439
32.415687,3.66238974,11.728452,0.0
32.8218267,3.58707617,12.166832,0.323129508
18.694489,4.06397447,12.7520452,8.60335298
34.8322454,3.59343258,11.5513656,0.16544028
36.399272,4.09283262,10.7543073,0.0928326191
22.377847,4.14234507,11.7946481,5.5693763
23.6726398,4.13597878,12.074376,0.135978775
21.4915818,4.18009963,12.4543595,1.34685297
18.5783923,4.19871771,12.6947905,6.05663362
20.8914179,4.25491505,12.1253142,4.21159285
21.3168992,4.0489877,12.5668922,3.33748407
22.9059616,4.14364404,12.1346605,1.43404937
27.0703891,3.9177295,11.5947573,0.0610878426
23.5102067,4.25497621,11.8748873,0.254976214
25.2065166,4.05619923,11.6124712,1.7744859
21.4759486,4.09031249,11.9576497,7.75146314
21.4244624,4.38248433,11.759614,3.67848422
24.2882205,3.90136612,12.093505,2.85696076
28.3246314,4.09745171,11.303125,0.0974517117
19.7597674,4.07207666,12.6805115,5.6154287
32.4982784,3.64770477,11.810766,0.0
34.0429532,3.61359916,11.6195348,0.0
23.9272365,4.0125589,12.1508428,1.09691554
23.0566415,3.99827047,12.4477154,0.95826461
22.1100229,4.37531916,11.6668199,2.94907259
24.5334824,3.87720081,12.1916485,2.04033191
23.1326447,3.93082861,12.1983922,4.27456173
19.0850176,4.19544689,12.6519117,5.20789953
21.3179989,3.92648698,12.4379342,6.80274849
25.3067611,4.00708677,11.6732354,1.93447532
23.7071433,4.04509898,11.75264,4.46005564
29.0525511,3.74588543,12.0580521,0.0902907375
33.6344547,3.60432405,11.8437618,0.429430648
22.7504064,4.3560239,11.798571,0.628023976
21.328449,4.27601379,12.1753101,2.33111118
20.1430814,4.26231861,11.904688,8.45642582
34.4113839,3.62014125,11.4732284,0.0
21.2794846,4.21255675,11.8673423,6.36474343
17.1243736,4.27185624,12.7677078,8.0617212
24.8424071,4.18585084,11.6171451,0.251729889
22.5545822,4.35877677,11.8134191,0.92191798
18.0586848,4.15684066,12.7661022,7.96473139
25.038165,4.15709622,11.5832901,0.585649873
24.8638044,3.93751197,11.7226898,3.99191343
22.8807252,4.24248192,12.0606282,0.242481916
22.0741679,4.29924671,11.790434,3.37613274
20.9905958,4.2115346,11.8631198,7.20204517
20.1577024,4.19746636,12.5534451,3.3895195
21.8542511,4.23781843,11.7807341,5.14923373
24.9379847,3.8790108,12.0164287,2.39797749
20.052374,4.09826591,12.3352849,7.85521373
18.0705738,4.31160999,12.6547883,5.50778655
30.0082658,4.17160223,11.0913891,0.171602228
24.8361337,4.02995323,11.9727131,0.105728481
19.2009166,4.3942753,12.1744242,5.38082585
17.4098754,4.42403346,12.3221948,8.5463517
30.3269969,3.74336147,11.7210177,0.0
18.0485755,4.36769694,12.6255735,4.76318915
24.8956067,4.04802663,11.7158339,1.7984431
22.1634262,3.9296139,12.2824576,6.05353823
29.4541251,4.11168166,11.1862716,0.111681656
34.5954054,3.58594687,11.6753079,0.269807672
21.674501,4.03393579,12.2586714,5.2687448
23.7388976,3.90046257,12.022274,4.87833915
24.9325784,3.8847912,11.9683848,2.68245671
24.0877,4.0394874,11.7308841,3.91729404
21.4012736,4.13932128,12.1033609,5.32182951
30.5393234,3.96538634,11.1978154,0.0
25.1384587,3.98458716,11.9965813,0.0182112274
20.5793558,4.39896427,11.7883692,5.21286618
22.7761032,3.9685777,11.8792921,7.43966217
38.160674,3.9635623,10.7067082,0.0
21.7360339,4.2998778,11.7866029,4.22364338
22.1858141,4.19216373,11.7839722,5.18028303
35.706663,3.58525762,11.3559572,0.304843001
21.8736615,4.00506763,12.1540335,6.34011055
23.5431378,4.19526081,11.6583001,2.89335735
33.837145,3.71387568,11.2560077,0.0
21.1731083,4.03624796,12.5859341,3.93016042
23.3793213,4.28701667,11.6428429,1.69105251
20.2669105,4.23940434,11.9203696,8.58482106
18.3832496,4.28877793,12.6484578,5.21754527
26.7589853,3.91867734,11.6306927,0.497372562
21.8533532,3.92507584,12.2160333,7.75561215
22.5469825,4.02283661,11.8645533,6.86729528
23.8253557,4.24381254,11.786132,0.243812544
19.1649516,4.05688713,12.7398988,6.97870213
19.2111239,4.40137495,12.1230624,5.68387953
21.9815612,4.25343567,11.7807289,4.53833159
20.3493817,3.99703866,12.4389532,8.41143113
19.734521,4.0928874,12.6697016,5.38410049
29.3473537,3.78928944,11.6241557,0.0
18.1625708,4.3905946,12.6009242,4.28717574
30.7364606,4.19224988,11.0134275,0.192249885
23.764678,4.10563424,11.7843854,3.05098229
18.783462,4.10315201,12.747372,7.0345552
22.1037592,4.09608785,11.8946017,6.2592432
19.0244231,4.18349274,12.663507,5.48145662
25.5880886,3.92452232,11.7717382,2.2593698
34.8456045,4.10951357,10.8368598,0.109513568
19.4318194,4.40907211,11.9363013,6.6529054
21.5898921,4.34690849,12.1693673,0.447514129
36.2582179,3.92611751,10.840588,0.0
21.2967995,4.11634756,11.9123848,8.47740146
20.781141,4.0974678,12.5760188,3.53455507
22.2444277,3.96999959,12.2955759,4.80026142
36.8243262,4.05226929,10.7435796,0.0522692945
28.314247,3.90803439,11.4436472,0.0
23.8869934,4.1314692,11.6971944,2.86977196
24.4474642,4.21778128,11.5640905,1.07970499
26.0001704,3.89909973,11.6502407,2.53068144
23.2454684,3.90633959,12.1278723,5.01808953
22.4167484,3.94412097,11.9557728,8.60470364
23.0077879,4.12883463,11.7496974,4.61616751
19.8234054,4.13836801,12.390601,6.83815066
21.4430003,4.38097135,11.8048358,3.27367662
24.5488611,4.26657142,11.5234792,0.2696401
23.1662773,3.94099313,11.8648738,7.01253743
20.7606697,4.26718418,11.8842694,6.44944389
24.1246662,3.93340193,12.0827677,2.72064083
25.2786701,4.04625338,11.8187474,0.0462533822
21.6822746,4.24197647,12.3895477,0.280984059
22.8457419,3.99766764,12.4706293,1.32524915
19.6380877,4.13268299,12.6508813,5.03183266
35.7969554,4.13998811,10.7674881,0.139988107
22.3697313,4.23170507,11.7389491,4.40708099
24.20493,3.96887666,12.2837568,0.135845559
21.7867391,3.99939904,12.5559525,3.07137918
21.4215312,3.93363088,12.2861569,8.33856112
18.9678245,4.37809627,12.5233714,3.31741038
22.8681516,3.90633607,12.18863,5.42498051
20.0599729,4.38193089,12.1039321,4.0648423
23.3382444,4.09711407,11.8378599,3.63828101
23.4155787,4.17181564,11.8648002,1.83155475
28.7210262,3.7441655,12.1682831,0.0
25.4959507,3.94858231,11.9802323,0.0
21.1869309,4.17756631,11.8777891,7.32373275
22.0309903,4.10719651,12.0042725,5.45355094
25.862533,3.98653456,11.6434394,1.46414302
24.3177137,3.87242478,12.2403348,2.29513733
26.4168137,3.87034951,11.7772076,1.39595433
22.9622486,4.16693657,12.0628593,1.33625765
25.8421974,4.0505734,11.5930297,0.518419139
29.3496492,4.25814276,11.0868192,0.258142758
19.5209751,4.18189926,12.2830771,8.15428356
22.6927286,4.33669167,11.8905343,0.345167113
22.7561947,4.22498658,12.1236333,0.264882547
21.9896762,3.90816889,12.4050755,5.68629115
21.2742193,4.14700174,12.5006963,2.0560762
25.7161904,4.06323277,11.6579485,0.063232774
35.8753387,4.18312552,10.7392012,0.183125525
31.430458,3.71171682,11.6397028,0.0
22.2358465,4.08432048,11.8612448,6.49199832
36.37553,3.60173316,11.2189469,0.0
32.2576602,3.68122834,11.6320916,0.0
20.0025438,3.94370072,12.7475675,7.04295779
24.9737899,4.09801662,11.7843596,0.123913902
19.8983445,4.28462804,11.9064625,8.7455585
22.3964585,4.36534517,11.7166997,2.01255706
24.7235752,4.14024514,11.6269429,1.78369975
23.2503017,4.03866757,12.3946689,0.20436609
22.6286201,4.09407641,12.420553,0.449568116
30.1008277,4.19603127,11.0672195,0.196031266
19.6126958,3.94795191,12.7782386,8.09600279
19.0757967,4.28462803,12.1401809,8.74561628
22.3976007,3.98443056,11.898038,8.1734592
27.0790734,3.86841654,11.7184921,0.0
22.278118,4.25307405,11.7328529,4.23843896
23.9658381,3.93823389,12.0629952,3.23331357
23.3163364,3.94051101,11.8921186,6.30629352
25.0973877,3.90742423,11.7249253,3.93805297
23.7539857,4.12687501,11.963896,1.16786807
20.3235489,4.268585,11.964792,6.85998568
20.5368305,4.19107114,12.5516691,2.80446647
28.279292,3.79437625,11.8885338,0.0
21.0019684,4.01820935,12.6158936,4.16189619
36.3439503,4.15299229,10.7244975,0.15299229
19.2880522,4.21578195,12.6232773,4.57801059
24.530505,4.11486631,11.6404793,2.09446145
21.4214756,4.14775133,12.1807079,4.53012488
23.3547979,3.87396718,12.5102032,2.10072504
24.7882706,3.95514786,11.7368335,3.69176918
22.3859368,4.19839688,12.1370289,1.52600185
19.3384688,4.18212079,12.3137749,8.50908409
28.3905285,3.76978067,12.0674971,1.35393774
23.6114789,3.95970192,11.9875978,4.32488193
22.0548606,3.96068644,12.266711,5.69758583
24.0766623,4.0515134,11.8130157,2.9020199
18.7226846,4.04928305,12.7864962,8.37744473
22.1563305,4.10730686,12.474121,1.30167979
21.8139676,4.36897915,11.820639,2.47370801
24.667288,3.90400671,11.8518227,3.96499101
24.3312908,4.20496858,11.7435794,0.204968579
26.043639,3.98427481,11.7499275,0.00765131503
22.1145244,4.35168667,12.0231665,0.35168667
32.27523,3.90729276,11.0784136,0.0
23.9668534,3.88236203,12.2151475,2.9788452
23.383252,4.31043908,11.6802191,0.972666813
18.0398847,4.21833547,12.7400503,7.05513166
22.9428779,4.27723448,11.9626176,0.277234483
20.9987531,4.2824858,12.4322928,0.851047649
35.6824468,4.05690311,10.8092611,0.0569031071
17.5703698,4.33148841,12.6907241,6.11927713
22.5786112,4.07035144,11.8655914,5.85609548
25.2924579,3.86429692,12.1047893,1.1146464
37.1711531,4.0034086,10.7450059,0.00340860189
21.5038102,3.93770538,12.3747819,6.66298774
22.9847408,4.15659259,12.1088684,1.08713346
30.8582504,3.86755432,11.2394224,0.0
25.3662038,3.88999343,12.0954371,0.460176003
22.9376355,4.058863,12.4191829,0.389856419
19.4618268,4.18728735,12.6280727,4.64136004
24.3424229,3.90506329,11.8819352,4.4747194
32.1016199,3.64929626,11.9269564,0.0
20.4641501,4.06493452,12.2655687,8.28409682
23.3046564,4.15202261,12.0846861,0.609082627
22.7132465,3.93193051,12.0149462,6.96836229
21.9090452,3.89424287,12.6262495,4.28679925
24.8075378,4.05364156,11.6554183,2.56472477
19.7347722,4.37026251,11.8621602,7.37382816
30.6564289,3.69664288,11.977119,0.0
25.081257,4.04889573,11.8186151,0.473594085
26.8309861,3.86743922,11.6596471,1.05691116
22.4460976,4.06924438,11.9701297,5.29003406
22.1113733,4.19225603,11.8493374,4.79548021
28.8263727,4.26920188,11.1309156,0.26920188
21.7993888,4.38095554,11.6803509,3.4757196
35.1966907,3.75686294,11.0365513,0.0
19.4706539,3.99853642,12.7568639,7.29310403
22.6415162,4.25123102,11.7014038,3.64840504
35.7280681,3.99396321,10.8374273,0.0
31.9961713,3.87191631,11.1288271,0.0
25.7120066,3.86989094,12.007514,0.769716684
21.389179,4.12753574,11.9849701,6.68497424
24.0184187,3.9084867,12.1857514,2.58281172
19.8952898,4.25853174,12.1708172,6.3935406
21.5649079,4.24910005,12.0336669,3.56406219
24.4179668,4.10538752,11.6577627,2.44045911
22.2446132,4.35901986,11.8979557,0.950163071
20.7927938,4.13120738,12.0346476,8.13584356
21.8990142,4.35796364,11.9961254,1.02765985
22.6532371,4.06044859,12.4428846,0.829553337
21.7158342,4.098771,12.1910881,4.5689363
16.7020831,4.41048218,12.7115149,6.62763626
25.0353691,4.03903398,11.8822288,0.29851871
25.7114915,3.88437502,12.0575786,0.0553949936
21.3349185,4.08293471,12.5375957,2.79918719
19.6248618,4.25046014,12.5697254,3.56567373
36.8831934,3.95675954,10.7875435,0.0
22.1377866,4.37064954,11.7122996,2.57167953
25.0982265,4.04133156,11.6297434,2.23263523
24.0259897,3.89931371,12.2513597,2.20798732
19.5920821,4.36607864,12.5120699,2.15146961
22.3310559,3.91634095,12.3635921,5.05675038
23.5162698,3.91415981,11.9402824,6.38427632
25.4748522,3.87906961,12.1433355,0.0419471983
23.0487025,4.19601007,11.8884212,2.08067578
21.9178128,4.07944714,11.9383595,6.69798293
24.084767,4.17933331,11.8395225,0.311861268
23.0373126,4.19251554,11.7236163,3.75538843
20.0633506,4.23856387,12.1145524,6.74968027
22.3258027,4.29196062,12.102015,0.347164442
30.230505,4.00806008,11.1916919,0.0080600832
26.4197175,3.99575735,11.6096523,0.0
25.5888415,4.11045985,11.5865717,0.110459846
19.2914373,4.41334287,11.9489377,7.05690141
21.4584042,4.12575962,11.9475519,6.97021955
29.5082104,4.02143987,11.253494,0.0214398728
24.340864,4.02308458,12.1379489,0.0248536325
18.4036057,4.41709307,12.1419887,7.33700733
21.6940607,4.19184208,12.4320277,0.814334371
20.9604881,4.38348443,11.9568902,3.34541699
23.6690942,4.10118016,11.7306848,3.96717197
22.0141129,3.92652947,12.5976419,3.722414
18.7795384,4.41731396,12.0325453,7.36139489
22.1147883,3.92379054,12.1589193,7.55028703
19.2225946,4.25145455,12.1864741,8.52583811
22.738993,3.91057062,12.2543202,5.16591247
23.1922609,4.05285836,11.9769863,3.6279307
21.9009373,4.33276352,12.1257898,0.34408735
21.9164133,4.06427082,12.5043403,2.05328221
25.2746015,3.8742222,11.957545,2.14944324
30.1308702,4.09825279,11.1346394,0.0982527931
21.9020142,3.99044837,12.0562664,8.07632896
27.2313924,3.85840513,11.6702672,0.19588384
30.613188,4.02294636,11.1485228,0.0229463617
24.8486284,3.87057472,12.2239598,1.10076237
21.0896254,4.12561391,12.2728982,4.88668472
24.9915624,4.18842606,11.5370326,0.520173436
24.4913477,4.10752607,11.8620379,0.447935715
23.3873834,4.22204157,11.8445519,1.21798363
23.5698106,4.03707335,11.9587924,3.14772108
23.9147845,3.89552649,12.0423728,4.5419017
19.4444505,4.11982293,12.6631697,5.64423336
21.5723281,4.153624,11.8580657,6.88600986
19.711196,4.38983975,12.0104919,5.62222929
20.1954778,4.37311987,12.2660547,2.54331205
35.6198877,4.08648054,10.7971739,0.0864805373
19.7472605,3.99201626,12.7381572,6.76932581
21.6218516,4.22344814,11.8083035,5.74785825
21.4988759,4.0386824,12.55651,3.03823678
25.3248392,4.17021936,11.5209962,0.183796893
33.0980603,3.61627146,11.8737433,0.0
19.0606492,4.23596109,12.6310327,4.7375993
24.8378265,4.10460341,11.6141139,1.76116646
23.4966861,4.16216595,12.0485897,0.278105863
19.9449854,4.37267382,11.848655,6.87279856
18.9660989,4.05337294,12.7454365,7.79970759
23.1675238,4.21855887,11.6780414,3.27593968
30.4892916,3.67381469,12.193244,0.0
20.3790503,4.24020626,11.9073683,8.2445469
18.9997595,4.26902047,12.3676205,6.72446475
20.3191357,3.92474981,12.7046432,7.20625661
17.5825841,4.27343021,12.7302603,6.86583389
23.5924373,3.98613182,12.0784391,3.24336337
38.411375,3.93102571,10.7073366,0.0
25.8658011,4.0152017,11.5805754,1.20996519
20.5732954,4.22993543,12.5039161,2.19845187
25.8082516,3.93351535,11.9213024,0.0329338232
23.6218391,3.91420788,11.8486708,6.47241191
21.8011389,4.02403838,11.9809993,8.14435509
17.2788684,4.24071656,12.7744214,8.32653268
25.9370418,3.86389059,11.9195749,1.07336105
23.5570767,4.21472685,11.9182499,0.258854079
22.457982,3.91295405,12.1904614,6.40608361
23.9640355,4.21137565,11.8283717,0.211375647
23.911586,4.06292225,12.0894445,0.742508038
28.5426714,4.17903601,11.2260316,0.179036005
21.1783428,4.07877005,12.5671777,3.07783264
19.8368159,4.32362465,11.8868852,8.01083705
23.909059,4.09969711,12.0764821,0.177769503
26.9587898,4.23701744,11.3257995,0.237017443
24.5141311,4.03420376,11.6858668,3.24014423
21.9249106,4.02576932,12.2944341,4.61662417
23.6873613,4.00093553,12.1583412,1.97129312
23.9036931,4.19480458,11.6254453,2.27168053
21.7340231,4.2536307,11.8741054,4.42507384
19.9630632,4.22212883,12.5786276,3.33302921
19.4668105,4.37165995,12.2535942,4.46044096
21.8495988,4.34996543,12.0746217,0.571449061
19.3436723,4.07015351,12.7183806,6.42212993
31.8708166,4.01408303,11.0425805,0.0140830293
19.8405582,4.12898028,12.6363099,4.72866388
25.5684237,4.04567498,11.7302715,0.105341245
18.3957589,4.41983849,12.0591454,8.4558516
22.8240532,4.02260614,12.1289298,3.85876641
19.8316258,4.20617034,12.2489718,6.75988597
18.3184535,4.1632502,12.7389453,7.09071068
25.3423445,3.98953122,11.9095918,0.167957202
21.2538116,3.93336199,12.4358809,7.17216721
18.8051876,4.26965452,12.620144,4.7920428
22.8552277,4.25586728,11.6796954,3.24615185
27.037339,3.88929968,11.5940529,0.696397369
37.4496166,3.93719414,10.7626191,0.0
22.5964879,4.27305683,12.0604006,0.401493993
22.9106871,4.15374383,11.8235017,3.75167601
25.2648611,4.11426058,11.5865734,0.798381958
20.9052904,4.36517687,12.154956,1.92799049
18.7240749,4.4059748,12.2029272,6.0821499
24.0392325,4.1448646,11.9411729,0.257404689
18.9480411,4.24634526,12.6376958,5.36736993
20.8215406,3.93955791,12.51443,7.96933687
22.4315374,3.97818594,11.9771922,8.31426133
16.7106317,4.41916787,12.5596192,8.88464103
16.8485229,4.29207946,13.0639885,9.21032597
16.2404838,4.38251873,12.8558904,8.50416139
19.3798902,4.19110078,12.5764153,7.24201562
20.695447,3.92166908,12.6931468,8.3947695
21.9541963,4.363581,11.8047095,4.01876813
18.5780818,4.19174173,12.6043861,8.21435035
32.6533145,3.58525,12.2677337,0.121670639
18.6652938,4.04229735,13.0912477,9.03603647
22.0481045,4.15524744,12.3892812,2.09779875
17.0442792,4.40702377,12.670352,7.73770512
17.7063873,4.30934021,12.7005542,7.38543016
19.4982954,4.3373175,11.950953,9.00127108
23.535575,3.96545516,12.7289251,1.14139045
20.0371425,4.01742672,12.6855774,6.80154993
16.5845459,4.3929294,12.7774667,8.00031052
18.2921281,4.25392325,12.6638226,6.17996874
39.691729,3.83841999,10.704673,0.0
20.2830172,4.01237265,12.9709999,6.10750661
31.3956459,3.73416902,11.6562777,1.80257213
22.2430089,4.23754212,11.89579,4.13111632
17.4064413,4.29287046,12.659885,7.93548994
24.5327695,4.17766407,11.6404984,1.89855133
24.3791233,3.88057669,12.4109009,1.36160815
25.9309582,4.19582787,11.5078261,0.195827867
20.4543559,3.98411563,12.7126158,6.094574
22.6901513,4.14176582,12.1313787,3.72744128
20.4228698,4.17634434,12.3033045,7.52944624
22.1152553,3.89024421,12.6459493,5.46225564
20.0713114,4.30703637,12.4951094,3.33424355
23.2129574,4.12343523,12.0822194,2.87350418
17.2066196,4.38352564,12.926447,6.58815091
17.1127356,4.39582552,12.9653651,7.17766857
17.5787858,4.20071996,13.0635766,8.74096574
21.056337,4.13639055,12.5020602,3.96104934
22.2921306,4.18367346,12.0073135,4.14125228
16.2775823,4.37696848,13.0659199,8.52881352
21.8572146,4.09718276,12.1133967,6.92034487
20.4026286,4.30162631,12.4661709,2.82561431
20.2113535,4.18400345,12.591143,3.81817249
18.6865063,4.06840722,13.0440092,8.65716225
37.6940018,3.66214751,11.0374465,0.0
18.0372114,4.15798447,12.8324032,7.91816673
20.7361731,4.16282291,12.2190467,6.56357421
22.1457704,4.21558508,11.7929972,5.2880122
35.2833054,3.66799234,11.304778,1.28744102
23.0587547,3.97267492,11.9474756,7.18734932
17.2042517,4.27724178,12.7658206,7.75369926
24.1763604,4.0479024,12.0115261,1.6773502
24.0118131,3.96420412,12.3908489,1.07617754
18.3739452,4.32960873,12.3071384,8.77161014
22.2749372,3.90716253,12.5372454,4.18018573
24.831245,4.2099794,11.5815112,0.587680996
17.6002829,4.26464284,12.7453407,7.33065427
24.588198,4.17692506,11.5899299,1.47624889
18.0916695,4.37627375,12.3107008,8.82487658
19.8860443,4.19827591,12.8278915,4.59961882
22.8204272,4.04167339,11.8479082,6.3994605
22.0647385,4.0468439,12.7996906,2.47849833
19.426125,4.0206374,12.8181851,7.30991074
17.5999298,4.38581662,12.6555189,6.59273693
18.8086949,4.25615151,12.6530451,5.89102764
16.0579259,4.39619602,12.7846355,8.5120389
23.0995216,4.11424743,11.8017517,5.38494047
17.5347985,4.26195802,13.0484018,8.08340958
22.1148162,4.35411685,11.7302117,4.06744211
21.4822532,4.04751587,12.0317278,8.55115139
19.6956439,4.27464149,12.0289763,8.70110149
23.1630483,4.33773937,11.6504809,2.46559953
26.6369404,3.83904998,11.9883689,0.906853059
17.1347041,4.41145515,12.5986061,7.89064856
19.3838402,4.03745301,13.0271352,7.16266853
21.778128,4.01193126,12.5623182,3.58369041
25.7087347,4.00709866,11.7163535,1.74715871
22.0645944,4.33560623,11.8364072,3.83926939
17.7231451,4.40798227,12.6099676,5.88370238
26.3751022,3.85851377,11.8806972,4.02685388
24.141349,3.98678508,12.3850868,0.0
31.5741628,3.81808952,11.3870563,0.0
21.4243357,4.03678939,12.5167066,4.24585304
20.2536646,4.28747494,12.0832455,6.75287145
23.1365489,3.88584015,12.4791804,3.45069685
17.3935793,4.30515192,12.6554062,8.56987838
23.2374755,4.09757574,12.3075945,0.515803682
29.3330708,3.8078846,11.5621175,0.26667371
19.4237047,4.22353508,12.5756458,4.90632398
21.988939,4.04448648,12.4703986,3.28939931
21.5007025,4.26219653,12.4295914,1.17322768
19.6879365,4.35594764,11.9114421,8.2215791
23.5132226,3.90975304,12.0614506,7.43924768
21.0740407,4.15765014,12.1972234,7.12596496
20.5437751,4.07070261,12.5696941,5.17397713
16.2219814,4.34674574,13.091322,9.3860195
20.8618315,4.06964558,12.6249976,4.27826301
37.8024202,3.98589383,10.7543444,0.0
21.9569823,4.17097384,12.7264425,1.3393558
25.1189012,4.16688565,11.5653346,1.05471412
22.5977682,3.95045881,12.5414702,2.68935805
33.0271457,4.15643841,10.9457777,0.156438408
24.4835829,3.94346924,11.9374036,4.01435066
22.1319927,4.05206534,12.3104561,4.16482509
19.5025368,4.36148723,12.3414383,4.57480764
21.5021553,4.21561632,11.8515917,6.64258318
18.6353777,4.31076,12.8418716,5.1600027
24.3852476,3.91066957,11.8429819,4.88080055
25.5854965,3.88195675,11.8123567,2.76884514
24.662255,4.09623451,11.6651311,2.92742462
16.600806,4.38144062,12.7507715,7.76142211
22.7273812,4.00060136,11.8832706,7.57134365
21.9835295,3.90295915,12.5837312,4.72272681
22.2313619,3.95772222,12.0457867,7.81253017
17.2273346,4.34198733,12.5938822,8.71232807
25.6375064,4.12893249,11.5477157,0.473925958
20.8870154,4.21777896,12.4729123,2.47684975
22.6446256,4.09784076,11.8611897,5.64198724
21.9155206,3.93106335,12.5869,4.22689436
23.9972539,4.26407656,11.6569832,1.58459411
34.5923819,3.70505387,11.2780924,0.898767239
22.3490081,4.08832333,11.9615813,6.25649575
18.8710557,4.2357673,12.6519071,6.55310955
35.2141125,3.73425807,11.1684132,0.0
28.595939,3.82916863,11.5944769,0.480201559
22.1537384,3.94831493,12.2655169,6.91979596
22.5483634,3.99098328,11.9468428,7.67252666
19.6283808,4.32270389,12.0828569,8.61260017
20.5442854,4.27206615,12.4582321,3.68315124
16.5400266,4.40254765,13.0119512,7.68367985
18.9108697,4.0271395,12.9585046,8.55836183
22.8267214,4.29650528,11.8628364,1.99340319
21.7896885,3.93729357,12.8697932,4.44931037
21.8714399,4.13874987,12.0764151,6.58682585
25.501766,4.08295244,11.7157782,0.744490521
18.4016502,4.18177254,13.0184449,6.98923557
24.1979927,3.89992532,11.9573595,5.31573012
23.227053,3.88010551,12.4870147,2.67513334
21.1764486,4.15495585,12.0539187,7.99708268
19.7785018,4.27486108,12.1377899,7.2116786
23.3487392,3.9906153,12.0390135,4.72551326
18.8169037,4.37467078,12.1432911,7.4328461
20.0135377,4.3063752,11.8963503,8.43731909
22.6649596,3.91586804,12.1307874,7.02341441
18.7523948,4.20051806,12.9601174,6.01409352
18.3286847,4.26644797,12.7179674,5.77365098
23.493825,3.97062028,12.0907438,4.72561777
19.7214709,4.35770053,12.1792458,5.84045842
32.3352574,3.7813154,11.375879,1.65794282
15.8226382,4.39694011,13.0912039,9.44926882
22.3648669,4.06234496,12.4383082,1.94289563
21.0814416,3.95181728,12.5689179,6.10353767
22.5986559,4.32304368,11.7553113,3.1933198
21.5039924,4.34640714,11.7877586,4.74220221
20.1138915,4.35821996,11.8806536,7.08846281
23.5152245,3.9677632,11.8576525,5.64913753
27.1215925,3.80209457,12.2227237,3.28476931
22.7857828,3.95788206,11.9489723,7.97280012
32.4197849,3.70193883,11.5542672,0.746668062
27.6948342,3.79406423,12.1207515,2.855048
19.9239573,4.09460397,12.5781624,5.81360519
22.9577159,4.00434421,11.8998149,7.14859291
16.0281956,4.3855034,12.7650251,9.08117517
21.9412902,4.20820015,12.3865336,0.983024907
21.6963736,3.9677632,12.3692556,5.64913753
23.318316,3.91452507,12.034332,6.91194076
22.1719091,3.99912725,12.4952973,3.55824569
21.234375,4.29499048,11.8958551,6.442582
22.4931307,3.95666618,12.1309416,7.97497754
21.6428921,4.26271134,12.358115,1.2646418
40.371433,3.72352293,10.6953589,0.0
19.0096517,4.16759284,12.6872188,5.76527944
32.1293447,3.69337084,11.7219938,0.869636512
24.3831248,3.87035438,12.3846488,1.07947935
19.209808,4.30469373,12.5864468,4.10160378
20.3304971,4.27071795,12.5188604,2.96099497
21.1841008,4.16174132,12.079485,7.68175241
19.1490691,4.19399674,12.64771,8.06903841
18.4395803,4.36626836,12.8847782,4.45370427
25.4248826,3.88576825,11.7684501,4.54901006
24.1834949,3.9032038,11.8744802,5.88652343
15.7526593,4.4221884,13.0803733,9.10436943
21.4131316,4.31337062,11.9939163,4.77932417
19.0889325,4.37862578,12.0549991,8.27165609
18.3400653,4.1549138,12.7809909,7.5235922
20.9266146,4.25109829,12.4472927,1.63296348
22.3586437,3.94288256,12.8426836,3.21418798
16.7057452,4.34478258,13.0279172,8.27517689
17.3037355,4.3786317,12.727394,7.19063244
22.1585154,3.92607588,12.2270747,7.40788307
22.7703713,3.91942288,12.5063376,3.04162668
19.3019925,3.96294178,12.8157679,8.63670138
20.8655536,4.18170024,11.9466556,7.77102828
18.0252414,4.22114191,12.6571952,7.78268877
20.4916832,4.25691934,12.481921,2.32984946
19.3211797,4.39370188,12.1781278,7.22579786
16.1612136,4.37470424,13.0499967,8.91907386
21.5595463,3.90958351,12.622451,5.18380413
15.5760643,4.42724878,12.8130013,9.13678106
16.6789071,4.37369325,12.9582348,7.43756092
23.065627,3.87303645,12.8748906,4.4184019
17.3906739,4.32653799,12.9954907,7.08490443
35.0892411,4.00980429,10.8897243,0.00980428621
21.6978475,4.2577227,12.3866061,1.78579752
19.9799411,4.33467694,12.5091826,2.17787968
18.0129294,4.16990835,12.7398351,8.60164249
21.809645,4.29357284,11.7891721,5.12269379
23.3904442,3.91371565,11.9810859,6.09722314
17.1531607,4.3076546,12.7635702,7.47579776
18.1958335,4.25186221,12.6572431,7.32394215
20.8282151,4.2479191,12.4587951,2.96077335
20.3105775,4.3183557,11.9408261,7.62967185
34.8449337,3.94842426,10.9240095,0.0
25.2385865,3.83017085,12.5411441,4.34042355
18.1548559,4.37545906,12.2155103,8.81822583
17.5673037,4.21813893,12.7913971,8.46805409
19.449,4.20387418,12.6253906,5.52272507
30.278946,3.76200479,11.6206855,1.60143325
30.5302934,3.75895771,11.5749846,0.49263315
16.1773702,4.35283406,12.7994247,9.03895835
21.2699863,3.99288059,12.5826329,4.84000914
22.7081882,4.18654195,11.8544765,4.46820178
21.7737191,4.10127536,11.9286783,7.96773503
19.6461054,4.38550321,11.8975064,7.61541391
23.3929042,3.948306,12.0024677,5.10204079
18.5259928,4.33538819,12.653244,4.86081707
19.1574439,4.10177417,13.0115859,7.24672505
20.9813397,4.01547386,12.6317295,4.6392432
25.3976598,4.24452888,11.5135572,0.654291191
22.1415093,3.99651,12.2326165,6.9366902
20.6181706,4.22687409,12.1644064,5.22020712
19.323077,3.96009148,13.0913557,8.99499691
17.1001091,4.34753389,13.0169914,7.40351461
16.5133086,4.41087926,13.0012771,7.96429661
23.4081685,3.89978997,12.2778476,6.00368158
23.9456157,4.21186908,11.6626758,2.02005149
24.8298388,4.09698082,11.6743571,1.95601749
18.0265583,4.26810818,12.7012019,6.62423671
20.057916,4.29038742,11.9498601,8.50967621
21.96892,4.02073664,12.0382464,8.58147055
16.2062407,4.40468382,13.0558103,8.19948207
21.1150972,4.03509591,12.4430927,7.09406796
19.3454103,4.32676719,12.5495847,4.00927461
21.3801903,3.90256572,12.9371537,7.03113574
22.2867377,4.11638776,11.8282429,6.16527969
23.2860496,4.27856826,11.661222,3.00920433
23.988782,4.28700138,11.6131308,1.35462798
25.141318,3.98945444,11.7290617,3.35808755
23.8272674,3.94335705,12.0519903,3.94725446
20.5047009,4.01544533,12.5893477,7.61772232
23.3087265,3.97197053,12.4055788,2.86799431
26.0794505,3.85099086,11.9810261,2.00316378
16.3587533,4.3661212,12.7829778,8.63110514
16.5927341,4.30053401,12.7994108,8.96729819
40.457869,3.76117479,10.6684315,0.0
19.2582109,4.25267326,12.5428753,4.86119211
22.627536,3.90610103,12.8056503,3.16404005
20.8998467,3.91324051,12.6596145,6.32639616
21.5747865,3.9434298,12.5804924,6.43397645
21.8851687,3.94543923,12.5096296,4.64394289
22.879201,4.18460647,11.8935281,3.8771535
17.8941419,4.22596276,12.6923446,8.1364837
24.8454919,3.94395961,12.2728397,0.621052366
40.0701999,3.92157004,10.6107402,0.0
18.7300545,4.20114354,12.6720686,7.54823836
17.5222779,4.34069858,12.957853,6.46218719
20.1596506,4.37396676,12.3692779,3.54054155
18.2954,4.28564581,12.6412302,6.62798047
22.4208811,4.17853561,12.296314,1.2420087
17.758296,4.40109205,12.5468429,5.78781786
22.755959,3.8966755,12.4604654,4.470542
17.2531668,4.30914631,12.7481433,8.14529799
23.0812511,3.9357535,12.1087737,5.57004066
29.8089905,3.7119765,12.1694099,0.0
16.4891764,4.32587322,13.0662357,9.22862978
27.7226817,3.84076744,11.8422778,5.86083349
23.3889346,3.9357535,12.0704093,5.26717795
16.6601622,4.40309423,12.712219,8.55782267
21.7467371,4.29244704,12.3349821,1.00733241
34.4180218,3.70886133,11.3247885,1.23953065
26.2670052,3.98176784,11.5963135,1.65352387
16.9118908,4.40061861,12.9531172,6.81586221
21.1425314,4.28260442,12.4209726,1.93612829
25.1995702,4.00153072,11.7595927,2.71787219
24.2109929,4.01666072,11.815465,4.45242629
29.0078433,3.7352257,12.256889,0.823115885
18.9274857,4.33509443,12.5199156,4.34653444
20.1803499,4.31062416,12.4169299,3.08759345
41.8698436,3.66526101,10.6520483,0.0
20.7692441,4.26332378,12.0393294,5.4230379
20.8959568,3.93057852,12.6769691,6.51219311
16.6378146,4.38344546,12.7325041,8.94143496
38.8079125,3.77697793,10.7716171,0.0
20.0854445,4.3866008,12.0528859,4.9002283
28.8641012,3.81479623,11.5913253,0.749335046
19.6011975,3.98115762,13.0417572,7.69327298
35.1081131,3.66504006,11.3439001,0.0
22.8163249,4.18950536,12.224066,1.64709989
21.7512407,4.31888663,12.2792374,1.20135454
21.449574,4.01322101,12.1999621,7.81402361
21.506119,4.28050972,12.241522,1.96284959
23.8890384,3.94359393,12.3198559,2.62932756
27.4860089,4.21864089,11.4307643,0.218640885
22.3927376,4.18950536,12.2649483,1.98638055
33.9961584,3.6260883,11.6476571,0.770723778
22.1729907,4.3328441,11.7151486,3.63223505
21.3135576,4.33898267,12.0947978,2.58002001
22.0960837,3.99668041,12.5781224,3.86745655
18.0225519,4.38694952,12.3426813,7.89364137
19.9069536,4.20006119,12.535391,4.92618566
23.9130689,4.23230475,11.7603432,1.70288937
23.4635198,4.17041973,11.7443421,3.32303951
28.2695525,3.7943461,12.0404761,2.84109166
23.6775591,4.23024751,11.7057982,2.41525675
20.1681956,3.97545386,12.7136284,7.2747092
26.1978434,3.86905195,11.8293377,1.79340792
20.2299391,4.33479857,12.7554897,2.05243686
20.7738345,3.94748285,12.9443576,5.95949963
25.4379568,4.14000004,11.5644594,0.77853003
22.5392617,4.14065593,12.3962829,0.779185918
17.3255737,4.36049053,12.7034912,6.68363237
16.8351148,4.42723605,12.4568046,9.09042784
23.357943,3.97991949,11.8831856,5.87717522
18.633321,4.37861951,12.5828566,4.68965892
18.4138912,4.40855026,12.131646,7.86471839
21.1978869,4.31142828,11.9173487,5.52110624
18.0236395,4.31835417,12.9579435,6.0608118
22.032564,3.93111458,12.145646,8.26292132
17.5380705,4.27426983,13.0229612,7.40763604
24.059831,4.16958636,11.7644288,1.98021151
24.4394083,3.90960174,11.964292,3.82805065
21.6415949,4.26120916,12.6902686,0.801535392
20.4284084,4.31490714,11.9305468,6.18260531
18.3894016,4.2777401,12.6464115,5.61850071
32.4853402,3.6180721,12.1589378,0.0
42.2563071,3.64900935,10.6106887,0.0
21.4824075,3.96525811,12.6035179,4.44839639
19.7366509,3.97848607,12.7662583,8.5696964
21.2513554,4.10709744,12.5284307,5.33330598
19.3940153,4.36686059,12.1472263,7.25201883
20.8684429,4.24886908,12.0430951,6.50602096
23.9401249,3.94277415,11.9418574,5.10210566
16.7567563,4.39223711,12.6906781,8.1141331
19.3479451,4.28971233,12.5637892,4.68708954
19.3357373,4.35478094,11.9716073,8.06457842
22.7559604,4.08801609,12.174537,3.80760831
18.0181511,4.34408376,12.9426239,5.71902113
21.5915268,4.1449264,11.8919841,7.26736646
23.7011852,3.93075699,12.4223902,1.78506103
18.5989183,4.33523468,12.5532918,4.90177924
23.6555963,3.87929204,12.4391614,3.02005167
17.4264857,4.32099473,12.7031653,7.87693523
19.600593,4.00152053,12.7413638,7.60744041
24.8768559,3.93485541,12.0502145,2.5537447
23.0456365,4.09556703,12.3479284,1.05889958
34.5712709,3.71199643,11.3241015,2.40206256
25.8980032,3.83301758,12.4357643,0.47456406
19.8697813,4.35736412,12.3862732,3.01575343
20.8585204,4.04339453,12.5472091,5.99264284
25.2998564,3.84167256,12.4851765,0.736128773
40.3788426,3.62702617,10.8162149,0.0
18.0403419,4.38608868,12.5001927,5.95725992
26.4677357,4.27197451,11.4182973,0.271974513
17.0630891,4.40446943,12.5903377,8.7263109
26.6783277,3.83017176,12.1700339,0.0
21.0669511,4.31019675,12.2854166,1.66840924
20.8336831,4.22555131,12.1343691,7.36836205
17.6395747,4.37448743,12.9311806,5.83044682
23.3294904,4.28586847,11.7502414,2.24677154
18.2787737,4.36616252,12.5890372,5.40145631
21.686962,4.07361053,12.4821388,3.2943045
19.7686088,4.06647681,12.5964611,7.31538563
25.6549884,3.97003409,11.7232192,2.59183146
20.2031346,4.20494213,12.548353,4.24637885
22.7248898,4.23241699,11.7458091,3.96619013
19.1444757,4.07878231,12.6192462,8.2121275
20.197159,4.15785797,12.6015974,5.09364329
21.9937738,4.07285863,12.4512058,3.02609567
23.2304004,4.0215903,11.974163,6.24165227
17.3198084,4.41887655,12.4884462,7.73595345
17.3206966,4.21013393,13.0910884,9.19811956
18.6787513,4.27875975,12.4538731,7.17756868
20.707131,3.96395729,12.6681554,7.84790131
19.2408742,4.23689204,12.5030499,6.66851039
20.765066,4.32289055,12.2314991,3.53851938
21.5706057,4.31195262,11.8094699,5.87888663
36.6913503,3.65979128,11.0922821,0.0
26.9237669,3.86589849,11.6972742,1.96713655
20.9231261,3.95634946,12.4784858,7.68793097
16.5274622,4.33559521,12.7915985,8.43140231
25.3947485,3.89176707,12.0864914,1.14219416
17.7227397,4.35438892,12.4373624,8.64368395
22.9874869,4.06098947,12.1977711,3.22120917
21.005366,3.95789363,12.625174,7.07852171
28.3488961,3.83039823,11.5731359,0.906576311
25.0976342,3.89740373,12.1386794,1.5729238
20.1518778,4.24769022,12.3752071,5.67253685
22.4675364,3.96487613,12.4807571,3.369438
18.3486798,4.23430713,12.5136341,8.56991104
21.6532387,3.94593923,12.4480477,5.87877984
18.097062,4.32953184,12.4363342,8.77476764
18.9200694,4.35474666,12.5822982,3.78469958
22.9940717,3.97460787,12.3028858,3.1388478
18.7270182,4.35508244,12.8695367,4.13560544
20.6667646,4.18750662,12.3986502,5.75441605
19.9446163,4.20423733,12.4086733,5.77428477
18.9468301,4.42078315,12.0128415,8.0538392
21.0853059,4.17585823,12.0777172,5.9742971
17.1739099,4.37463431,12.9722557,6.88769477
31.8224642,4.26519562,10.9922064,0.265195625
18.8876658,4.40453942,11.9937336,8.93341453
22.8886716,3.91756479,12.1013949,6.14364284
16.6217655,4.42724586,12.675518,8.15316329
23.3332571,4.24215797,11.7358501,3.05337182
17.1721072,4.30122534,13.0442964,8.06077982
19.7827475,4.16923866,12.6315564,6.86593117
22.085281,3.94186061,12.4652612,5.47363684
18.049631,4.37653796,12.5447258,5.74018404
22.7246861,3.90229478,12.4557451,7.37242671
19.6518869,4.35678557,12.3966543,3.57322018
22.4943458,4.01736481,12.1582225,5.1226082
15.9427221,4.41998355,12.8294385,8.43737995
22.6549932,4.12012627,12.3501117,2.21232466
20.7282675,3.96084834,12.5802507,7.99148302
21.2351826,4.18294488,12.3151485,4.32153331
19.5370635,4.19632249,12.5506179,6.02956616
23.8288319,3.91041027,11.9125953,7.05856639
21.6805301,4.28766645,11.8596278,4.55605447
20.6215178,4.33033178,12.3754754,1.97129223
25.7622802,4.02297635,11.6393174,1.12160373
19.9765663,4.31437763,12.0076894,7.56531914
31.1805626,3.74632055,11.6626122,3.21327982
21.4777711,4.31728485,12.3341277,0.676669724
22.2001644,3.9357563,12.3404586,5.60497756
19.4313147,4.16981141,12.567314,6.3367008
17.4851135,4.29343659,12.7351792,7.92676572
20.4246301,4.22998879,12.0187394,8.21295744
23.0340223,4.12416021,12.229796,0.637208291
22.0814477,4.36291029,11.8947237,2.65001507
23.4100822,4.11127602,12.262914,0.880968999
21.2713827,4.22804019,11.9555782,6.86891729
18.974302,4.3340977,12.5864573,4.65504515
18.8356123,4.13511322,13.0027955,6.9193044
18.9999568,4.01616941,12.8379726,8.56840451
16.8265143,4.33488806,12.8442885,8.27858712
18.3672852,4.07928427,13.091225,9.07309105
21.6312986,3.95891478,12.2956408,7.57648287
20.8925571,4.34900585,11.8451367,5.52248905
16.8797265,4.31397393,12.7697288,8.54900497
20.3753947,4.28485112,11.9244343,7.5536273
35.5756919,3.85486184,10.9135641,0.0
22.251798,4.30152591,11.7850303,3.76908364
19.8043017,4.34531384,12.1972883,5.22908646
19.602139,4.3118816,12.2539185,7.28563516
22.6483432,4.13571393,12.119736,3.99010285
22.6401666,4.35478321,11.6652354,3.14889771
39.0337555,3.68281687,10.8834179,0.0
23.5991837,4.17745021,11.794261,2.50240575
16.5165126,4.41834965,12.7105394,9.19374107
27.9124901,3.81869854,11.9673392,4.17271606
18.9753313,4.28046083,12.3594839,8.82433335
24.9677264,3.98393832,11.9417884,1.49681679
31.1581438,3.83983758,11.3409638,0.0
20.4567294,4.02443776,12.9506888,5.38096518
19.2797263,4.14001794,12.67362,7.67194564
26.1450984,3.87453977,11.7742297,2.32554544
24.5472937,3.89753274,11.9935946,4.18787901
16.8848995,4.40405077,12.6885396,8.91306107
21.3338058,4.33416476,12.0154723,3.25585764
29.1671162,3.80026526,11.6563288,3.43102642
22.3780203,3.96278928,12.5628359,3.80024042
18.023324,4.30452566,12.7274443,6.66028167
22.2723775,4.0575688,12.1669721,4.75181468
20.8659848,3.98734663,12.9424074,5.35235621
29.4637172,3.75980787,11.9447103,1.01863893
19.4633932,4.1377405,12.650064,7.30410637
21.7616769,4.06225383,12.2007249,5.73209333
19.6877286,4.32187164,12.4608236,4.34837127
21.3953053,4.06648077,12.2270108,6.03131846
21.0737808,4.38273286,11.7998055,5.4995361
